solid OpenSCAD_Model
  facet normal -0.997857 -0.065428 0
    outer loop
      vertex 7.2 6 0
      vertex 7.18973 6.15663 2
      vertex 7.18973 6.15663 0
    endloop
  endfacet
  facet normal -0.997857 -0.065428 0
    outer loop
      vertex 7.18973 6.15663 2
      vertex 7.2 6 0
      vertex 7.2 6 2
    endloop
  endfacet
  facet normal 0.065428 -0.997857 0
    outer loop
      vertex 5.84337 7.18973 0
      vertex 6 7.2 2
      vertex 5.84337 7.18973 2
    endloop
  endfacet
  facet normal 0.065428 -0.997857 0
    outer loop
      vertex 6 7.2 2
      vertex 5.84337 7.18973 0
      vertex 6 7.2 0
    endloop
  endfacet
  facet normal -0.065428 0.997857 0
    outer loop
      vertex 6.15663 4.81027 0
      vertex 6 4.8 2
      vertex 6.15663 4.81027 2
    endloop
  endfacet
  facet normal -0.065428 0.997857 0
    outer loop
      vertex 6 4.8 2
      vertex 6.15663 4.81027 0
      vertex 6 4.8 0
    endloop
  endfacet
  facet normal -0.659307 -0.751874 0
    outer loop
      vertex 6.73051 6.95202 0
      vertex 6.84853 6.84853 2
      vertex 6.73051 6.95202 2
    endloop
  endfacet
  facet normal -0.659307 -0.751874 -0
    outer loop
      vertex 6.84853 6.84853 2
      vertex 6.73051 6.95202 0
      vertex 6.84853 6.84853 0
    endloop
  endfacet
  facet normal 0.751874 -0.659307 0
    outer loop
      vertex 5.04798 6.73051 2
      vertex 5.15147 6.84853 0
      vertex 5.15147 6.84853 2
    endloop
  endfacet
  facet normal 0.751874 -0.659307 0
    outer loop
      vertex 5.15147 6.84853 0
      vertex 5.04798 6.73051 2
      vertex 5.04798 6.73051 0
    endloop
  endfacet
  facet normal 0.442263 -0.896885 0
    outer loop
      vertex 5.4 7.03923 0
      vertex 5.54078 7.10865 2
      vertex 5.4 7.03923 2
    endloop
  endfacet
  facet normal 0.442263 -0.896885 0
    outer loop
      vertex 5.54078 7.10865 2
      vertex 5.4 7.03923 0
      vertex 5.54078 7.10865 0
    endloop
  endfacet
  facet normal -0.896885 -0.442263 0
    outer loop
      vertex 7.10865 6.45922 0
      vertex 7.03923 6.6 2
      vertex 7.03923 6.6 0
    endloop
  endfacet
  facet normal -0.896885 -0.442263 0
    outer loop
      vertex 7.03923 6.6 2
      vertex 7.10865 6.45922 0
      vertex 7.10865 6.45922 2
    endloop
  endfacet
  facet normal -0.32146 -0.946923 0
    outer loop
      vertex 6.31058 7.15911 0
      vertex 6.45922 7.10865 2
      vertex 6.31058 7.15911 2
    endloop
  endfacet
  facet normal -0.32146 -0.946923 -0
    outer loop
      vertex 6.45922 7.10865 2
      vertex 6.31058 7.15911 0
      vertex 6.45922 7.10865 0
    endloop
  endfacet
  facet normal -0.195075 -0.980788 0
    outer loop
      vertex 6.15663 7.18973 0
      vertex 6.31058 7.15911 2
      vertex 6.15663 7.18973 2
    endloop
  endfacet
  facet normal -0.195075 -0.980788 -0
    outer loop
      vertex 6.31058 7.15911 2
      vertex 6.15663 7.18973 0
      vertex 6.31058 7.15911 0
    endloop
  endfacet
  facet normal -0.442263 -0.896885 0
    outer loop
      vertex 6.45922 7.10865 0
      vertex 6.6 7.03923 2
      vertex 6.45922 7.10865 2
    endloop
  endfacet
  facet normal -0.442263 -0.896885 -0
    outer loop
      vertex 6.6 7.03923 2
      vertex 6.45922 7.10865 0
      vertex 6.6 7.03923 0
    endloop
  endfacet
  facet normal 0.946943 -0.321402 0
    outer loop
      vertex 4.84089 6.31058 2
      vertex 4.89134 6.45922 0
      vertex 4.89134 6.45922 2
    endloop
  endfacet
  facet normal 0.946943 -0.321402 0
    outer loop
      vertex 4.89134 6.45922 0
      vertex 4.84089 6.31058 2
      vertex 4.84089 6.31058 0
    endloop
  endfacet
  facet normal 0.980788 -0.195075 0
    outer loop
      vertex 4.81027 6.15663 2
      vertex 4.84089 6.31058 0
      vertex 4.84089 6.31058 2
    endloop
  endfacet
  facet normal 0.980788 -0.195075 0
    outer loop
      vertex 4.84089 6.31058 0
      vertex 4.81027 6.15663 2
      vertex 4.81027 6.15663 0
    endloop
  endfacet
  facet normal 0.32146 -0.946923 0
    outer loop
      vertex 5.54078 7.10865 0
      vertex 5.68942 7.15911 2
      vertex 5.54078 7.10865 2
    endloop
  endfacet
  facet normal 0.32146 -0.946923 0
    outer loop
      vertex 5.68942 7.15911 2
      vertex 5.54078 7.10865 0
      vertex 5.68942 7.15911 0
    endloop
  endfacet
  facet normal -0.195075 0.980788 0
    outer loop
      vertex 6.31058 4.84089 0
      vertex 6.15663 4.81027 2
      vertex 6.31058 4.84089 2
    endloop
  endfacet
  facet normal -0.195075 0.980788 0
    outer loop
      vertex 6.15663 4.81027 2
      vertex 6.31058 4.84089 0
      vertex 6.15663 4.81027 0
    endloop
  endfacet
  facet normal -0.946923 -0.32146 0
    outer loop
      vertex 7.15911 6.31058 0
      vertex 7.10865 6.45922 2
      vertex 7.10865 6.45922 0
    endloop
  endfacet
  facet normal -0.946923 -0.32146 0
    outer loop
      vertex 7.10865 6.45922 2
      vertex 7.15911 6.31058 0
      vertex 7.15911 6.31058 2
    endloop
  endfacet
  facet normal -0.980788 -0.195075 0
    outer loop
      vertex 7.18973 6.15663 0
      vertex 7.15911 6.31058 2
      vertex 7.15911 6.31058 0
    endloop
  endfacet
  facet normal -0.980788 -0.195075 0
    outer loop
      vertex 7.15911 6.31058 2
      vertex 7.18973 6.15663 0
      vertex 7.18973 6.15663 2
    endloop
  endfacet
  facet normal -0.751874 -0.659307 0
    outer loop
      vertex 6.95202 6.73051 0
      vertex 6.84853 6.84853 2
      vertex 6.84853 6.84853 0
    endloop
  endfacet
  facet normal -0.751874 -0.659307 0
    outer loop
      vertex 6.84853 6.84853 2
      vertex 6.95202 6.73051 0
      vertex 6.95202 6.73051 2
    endloop
  endfacet
  facet normal -0.831452 -0.555597 0
    outer loop
      vertex 7.03923 6.6 0
      vertex 6.95202 6.73051 2
      vertex 6.95202 6.73051 0
    endloop
  endfacet
  facet normal -0.831452 -0.555597 0
    outer loop
      vertex 6.95202 6.73051 2
      vertex 7.03923 6.6 0
      vertex 7.03923 6.6 2
    endloop
  endfacet
  facet normal -0.065428 -0.997857 0
    outer loop
      vertex 6 7.2 0
      vertex 6.15663 7.18973 2
      vertex 6 7.2 2
    endloop
  endfacet
  facet normal -0.065428 -0.997857 -0
    outer loop
      vertex 6.15663 7.18973 2
      vertex 6 7.2 0
      vertex 6.15663 7.18973 0
    endloop
  endfacet
  facet normal -0.555597 -0.831452 0
    outer loop
      vertex 6.6 7.03923 0
      vertex 6.73051 6.95202 2
      vertex 6.6 7.03923 2
    endloop
  endfacet
  facet normal -0.555597 -0.831452 -0
    outer loop
      vertex 6.73051 6.95202 2
      vertex 6.6 7.03923 0
      vertex 6.73051 6.95202 0
    endloop
  endfacet
  facet normal 0.89686 -0.442314 0
    outer loop
      vertex 4.89134 6.45922 2
      vertex 4.96077 6.6 0
      vertex 4.96077 6.6 2
    endloop
  endfacet
  facet normal 0.89686 -0.442314 0
    outer loop
      vertex 4.96077 6.6 0
      vertex 4.89134 6.45922 2
      vertex 4.89134 6.45922 0
    endloop
  endfacet
  facet normal 0.831452 -0.555597 0
    outer loop
      vertex 4.96077 6.6 2
      vertex 5.04798 6.73051 0
      vertex 5.04798 6.73051 2
    endloop
  endfacet
  facet normal 0.831452 -0.555597 0
    outer loop
      vertex 5.04798 6.73051 0
      vertex 4.96077 6.6 2
      vertex 4.96077 6.6 0
    endloop
  endfacet
  facet normal 0.997857 -0.065428 0
    outer loop
      vertex 4.8 6 2
      vertex 4.81027 6.15663 0
      vertex 4.81027 6.15663 2
    endloop
  endfacet
  facet normal 0.997857 -0.065428 0
    outer loop
      vertex 4.81027 6.15663 0
      vertex 4.8 6 2
      vertex 4.8 6 0
    endloop
  endfacet
  facet normal 0.555597 -0.831452 0
    outer loop
      vertex 5.26949 6.95202 0
      vertex 5.4 7.03923 2
      vertex 5.26949 6.95202 2
    endloop
  endfacet
  facet normal 0.555597 -0.831452 0
    outer loop
      vertex 5.4 7.03923 2
      vertex 5.26949 6.95202 0
      vertex 5.4 7.03923 0
    endloop
  endfacet
  facet normal 0.659307 -0.751874 0
    outer loop
      vertex 5.15147 6.84853 0
      vertex 5.26949 6.95202 2
      vertex 5.15147 6.84853 2
    endloop
  endfacet
  facet normal 0.659307 -0.751874 0
    outer loop
      vertex 5.26949 6.95202 2
      vertex 5.15147 6.84853 0
      vertex 5.26949 6.95202 0
    endloop
  endfacet
  facet normal 0.195075 -0.980788 0
    outer loop
      vertex 5.68942 7.15911 0
      vertex 5.84337 7.18973 2
      vertex 5.68942 7.15911 2
    endloop
  endfacet
  facet normal 0.195075 -0.980788 0
    outer loop
      vertex 5.84337 7.18973 2
      vertex 5.68942 7.15911 0
      vertex 5.84337 7.18973 0
    endloop
  endfacet
  facet normal -0.555597 0.831452 0
    outer loop
      vertex 6.73051 5.04798 0
      vertex 6.6 4.96077 2
      vertex 6.73051 5.04798 2
    endloop
  endfacet
  facet normal -0.555597 0.831452 0
    outer loop
      vertex 6.6 4.96077 2
      vertex 6.73051 5.04798 0
      vertex 6.6 4.96077 0
    endloop
  endfacet
  facet normal -0.751874 0.659307 0
    outer loop
      vertex 6.84853 5.15147 0
      vertex 6.95202 5.26949 2
      vertex 6.95202 5.26949 0
    endloop
  endfacet
  facet normal -0.751874 0.659307 0
    outer loop
      vertex 6.95202 5.26949 2
      vertex 6.84853 5.15147 0
      vertex 6.84853 5.15147 2
    endloop
  endfacet
  facet normal -0.946923 0.32146 0
    outer loop
      vertex 7.10865 5.54078 0
      vertex 7.15911 5.68942 2
      vertex 7.15911 5.68942 0
    endloop
  endfacet
  facet normal -0.946923 0.32146 0
    outer loop
      vertex 7.15911 5.68942 2
      vertex 7.10865 5.54078 0
      vertex 7.10865 5.54078 2
    endloop
  endfacet
  facet normal -0.980788 0.195075 0
    outer loop
      vertex 7.15911 5.68942 0
      vertex 7.18973 5.84337 2
      vertex 7.18973 5.84337 0
    endloop
  endfacet
  facet normal -0.980788 0.195075 0
    outer loop
      vertex 7.18973 5.84337 2
      vertex 7.15911 5.68942 0
      vertex 7.15911 5.68942 2
    endloop
  endfacet
  facet normal 0.997857 0.065428 0
    outer loop
      vertex 4.81027 5.84337 2
      vertex 4.8 6 0
      vertex 4.8 6 2
    endloop
  endfacet
  facet normal 0.997857 0.065428 0
    outer loop
      vertex 4.8 6 0
      vertex 4.81027 5.84337 2
      vertex 4.81027 5.84337 0
    endloop
  endfacet
  facet normal -0.831452 0.555597 0
    outer loop
      vertex 6.95202 5.26949 0
      vertex 7.03923 5.4 2
      vertex 7.03923 5.4 0
    endloop
  endfacet
  facet normal -0.831452 0.555597 0
    outer loop
      vertex 7.03923 5.4 2
      vertex 6.95202 5.26949 0
      vertex 6.95202 5.26949 2
    endloop
  endfacet
  facet normal -0.997857 0.065428 0
    outer loop
      vertex 7.18973 5.84337 0
      vertex 7.2 6 2
      vertex 7.2 6 0
    endloop
  endfacet
  facet normal -0.997857 0.065428 0
    outer loop
      vertex 7.2 6 2
      vertex 7.18973 5.84337 0
      vertex 7.18973 5.84337 2
    endloop
  endfacet
  facet normal 0.659307 0.751874 -0
    outer loop
      vertex 5.26949 5.04798 0
      vertex 5.15147 5.15147 2
      vertex 5.26949 5.04798 2
    endloop
  endfacet
  facet normal 0.659307 0.751874 0
    outer loop
      vertex 5.15147 5.15147 2
      vertex 5.26949 5.04798 0
      vertex 5.15147 5.15147 0
    endloop
  endfacet
  facet normal 0.89686 0.442314 0
    outer loop
      vertex 4.96077 5.4 2
      vertex 4.89134 5.54078 0
      vertex 4.89134 5.54078 2
    endloop
  endfacet
  facet normal 0.89686 0.442314 0
    outer loop
      vertex 4.89134 5.54078 0
      vertex 4.96077 5.4 2
      vertex 4.96077 5.4 0
    endloop
  endfacet
  facet normal 0.980788 0.195075 0
    outer loop
      vertex 4.84089 5.68942 2
      vertex 4.81027 5.84337 0
      vertex 4.81027 5.84337 2
    endloop
  endfacet
  facet normal 0.980788 0.195075 0
    outer loop
      vertex 4.81027 5.84337 0
      vertex 4.84089 5.68942 2
      vertex 4.84089 5.68942 0
    endloop
  endfacet
  facet normal -0.442314 0.89686 0
    outer loop
      vertex 6.6 4.96077 0
      vertex 6.45922 4.89134 2
      vertex 6.6 4.96077 2
    endloop
  endfacet
  facet normal -0.442314 0.89686 0
    outer loop
      vertex 6.45922 4.89134 2
      vertex 6.6 4.96077 0
      vertex 6.45922 4.89134 0
    endloop
  endfacet
  facet normal -0.321402 0.946943 0
    outer loop
      vertex 6.45922 4.89134 0
      vertex 6.31058 4.84089 2
      vertex 6.45922 4.89134 2
    endloop
  endfacet
  facet normal -0.321402 0.946943 0
    outer loop
      vertex 6.31058 4.84089 2
      vertex 6.45922 4.89134 0
      vertex 6.31058 4.84089 0
    endloop
  endfacet
  facet normal -0.896885 0.442263 0
    outer loop
      vertex 7.03923 5.4 0
      vertex 7.10865 5.54078 2
      vertex 7.10865 5.54078 0
    endloop
  endfacet
  facet normal -0.896885 0.442263 0
    outer loop
      vertex 7.10865 5.54078 2
      vertex 7.03923 5.4 0
      vertex 7.03923 5.4 2
    endloop
  endfacet
  facet normal -0.659307 0.751874 0
    outer loop
      vertex 6.84853 5.15147 0
      vertex 6.73051 5.04798 2
      vertex 6.84853 5.15147 2
    endloop
  endfacet
  facet normal -0.659307 0.751874 0
    outer loop
      vertex 6.73051 5.04798 2
      vertex 6.84853 5.15147 0
      vertex 6.73051 5.04798 0
    endloop
  endfacet
  facet normal 0.321402 0.946943 -0
    outer loop
      vertex 5.68942 4.84089 0
      vertex 5.54078 4.89134 2
      vertex 5.68942 4.84089 2
    endloop
  endfacet
  facet normal 0.321402 0.946943 0
    outer loop
      vertex 5.54078 4.89134 2
      vertex 5.68942 4.84089 0
      vertex 5.54078 4.89134 0
    endloop
  endfacet
  facet normal 0.195075 0.980788 -0
    outer loop
      vertex 5.84337 4.81027 0
      vertex 5.68942 4.84089 2
      vertex 5.84337 4.81027 2
    endloop
  endfacet
  facet normal 0.195075 0.980788 0
    outer loop
      vertex 5.68942 4.84089 2
      vertex 5.84337 4.81027 0
      vertex 5.68942 4.84089 0
    endloop
  endfacet
  facet normal 0.751874 0.659307 0
    outer loop
      vertex 5.15147 5.15147 2
      vertex 5.04798 5.26949 0
      vertex 5.04798 5.26949 2
    endloop
  endfacet
  facet normal 0.751874 0.659307 0
    outer loop
      vertex 5.04798 5.26949 0
      vertex 5.15147 5.15147 2
      vertex 5.15147 5.15147 0
    endloop
  endfacet
  facet normal 0.831452 0.555597 0
    outer loop
      vertex 5.04798 5.26949 2
      vertex 4.96077 5.4 0
      vertex 4.96077 5.4 2
    endloop
  endfacet
  facet normal 0.831452 0.555597 0
    outer loop
      vertex 4.96077 5.4 0
      vertex 5.04798 5.26949 2
      vertex 5.04798 5.26949 0
    endloop
  endfacet
  facet normal 0.946943 0.321402 0
    outer loop
      vertex 4.89134 5.54078 2
      vertex 4.84089 5.68942 0
      vertex 4.84089 5.68942 2
    endloop
  endfacet
  facet normal 0.946943 0.321402 0
    outer loop
      vertex 4.84089 5.68942 0
      vertex 4.89134 5.54078 2
      vertex 4.89134 5.54078 0
    endloop
  endfacet
  facet normal 0.555597 0.831452 -0
    outer loop
      vertex 5.4 4.96077 0
      vertex 5.26949 5.04798 2
      vertex 5.4 4.96077 2
    endloop
  endfacet
  facet normal 0.555597 0.831452 0
    outer loop
      vertex 5.26949 5.04798 2
      vertex 5.4 4.96077 0
      vertex 5.26949 5.04798 0
    endloop
  endfacet
  facet normal 0.442314 0.89686 -0
    outer loop
      vertex 5.54078 4.89134 0
      vertex 5.4 4.96077 2
      vertex 5.54078 4.89134 2
    endloop
  endfacet
  facet normal 0.442314 0.89686 0
    outer loop
      vertex 5.4 4.96077 2
      vertex 5.54078 4.89134 0
      vertex 5.4 4.96077 0
    endloop
  endfacet
  facet normal 0.065428 0.997857 -0
    outer loop
      vertex 6 4.8 0
      vertex 5.84337 4.81027 2
      vertex 6 4.8 2
    endloop
  endfacet
  facet normal 0.065428 0.997857 0
    outer loop
      vertex 5.84337 4.81027 2
      vertex 6 4.8 0
      vertex 5.84337 4.81027 0
    endloop
  endfacet
  facet normal -0.997845 -0.0656183 0
    outer loop
      vertex 75.2 6 0
      vertex 75.1897 6.15663 2
      vertex 75.1897 6.15663 0
    endloop
  endfacet
  facet normal -0.997845 -0.0656183 0
    outer loop
      vertex 75.1897 6.15663 2
      vertex 75.2 6 0
      vertex 75.2 6 2
    endloop
  endfacet
  facet normal 0.0654405 -0.997856 0
    outer loop
      vertex 73.8434 7.18973 0
      vertex 74 7.2 2
      vertex 73.8434 7.18973 2
    endloop
  endfacet
  facet normal 0.0654405 -0.997856 0
    outer loop
      vertex 74 7.2 2
      vertex 73.8434 7.18973 0
      vertex 74 7.2 0
    endloop
  endfacet
  facet normal -0.0654405 0.997856 0
    outer loop
      vertex 74.1566 4.81027 0
      vertex 74 4.8 2
      vertex 74.1566 4.81027 2
    endloop
  endfacet
  facet normal -0.0654405 0.997856 0
    outer loop
      vertex 74 4.8 2
      vertex 74.1566 4.81027 0
      vertex 74 4.8 0
    endloop
  endfacet
  facet normal -0.65937 -0.751818 0
    outer loop
      vertex 74.7305 6.95202 0
      vertex 74.8485 6.84853 2
      vertex 74.7305 6.95202 2
    endloop
  endfacet
  facet normal -0.65937 -0.751818 -0
    outer loop
      vertex 74.8485 6.84853 2
      vertex 74.7305 6.95202 0
      vertex 74.8485 6.84853 0
    endloop
  endfacet
  facet normal 0.751842 -0.659343 0
    outer loop
      vertex 73.048 6.73051 2
      vertex 73.1515 6.84853 0
      vertex 73.1515 6.84853 2
    endloop
  endfacet
  facet normal 0.751842 -0.659343 0
    outer loop
      vertex 73.1515 6.84853 0
      vertex 73.048 6.73051 2
      vertex 73.048 6.73051 0
    endloop
  endfacet
  facet normal 0.442212 -0.89691 0
    outer loop
      vertex 73.4 7.03923 0
      vertex 73.5408 7.10865 2
      vertex 73.4 7.03923 2
    endloop
  endfacet
  facet normal 0.442212 -0.89691 0
    outer loop
      vertex 73.5408 7.10865 2
      vertex 73.4 7.03923 0
      vertex 73.5408 7.10865 0
    endloop
  endfacet
  facet normal -0.896683 -0.442673 0
    outer loop
      vertex 75.1087 6.45922 0
      vertex 75.0392 6.6 2
      vertex 75.0392 6.6 0
    endloop
  endfacet
  facet normal -0.896683 -0.442673 0
    outer loop
      vertex 75.0392 6.6 2
      vertex 75.1087 6.45922 0
      vertex 75.1087 6.45922 2
    endloop
  endfacet
  facet normal -0.321537 -0.946897 0
    outer loop
      vertex 74.3106 7.15911 0
      vertex 74.4592 7.10865 2
      vertex 74.3106 7.15911 2
    endloop
  endfacet
  facet normal -0.321537 -0.946897 -0
    outer loop
      vertex 74.4592 7.10865 2
      vertex 74.3106 7.15911 0
      vertex 74.4592 7.10865 0
    endloop
  endfacet
  facet normal -0.195014 -0.980801 0
    outer loop
      vertex 74.1566 7.18973 0
      vertex 74.3106 7.15911 2
      vertex 74.1566 7.18973 2
    endloop
  endfacet
  facet normal -0.195014 -0.980801 -0
    outer loop
      vertex 74.3106 7.15911 2
      vertex 74.1566 7.18973 0
      vertex 74.3106 7.15911 0
    endloop
  endfacet
  facet normal -0.442212 -0.89691 0
    outer loop
      vertex 74.4592 7.10865 0
      vertex 74.6 7.03923 2
      vertex 74.4592 7.10865 2
    endloop
  endfacet
  facet normal -0.442212 -0.89691 -0
    outer loop
      vertex 74.6 7.03923 2
      vertex 74.4592 7.10865 0
      vertex 74.6 7.03923 0
    endloop
  endfacet
  facet normal 0.94704 -0.321117 0
    outer loop
      vertex 72.8409 6.31058 2
      vertex 72.8913 6.45922 0
      vertex 72.8913 6.45922 2
    endloop
  endfacet
  facet normal 0.94704 -0.321117 0
    outer loop
      vertex 72.8913 6.45922 0
      vertex 72.8409 6.31058 2
      vertex 72.8409 6.31058 0
    endloop
  endfacet
  facet normal 0.896683 -0.442673 0
    outer loop
      vertex 72.8913 6.45922 2
      vertex 72.9608 6.6 0
      vertex 72.9608 6.6 2
    endloop
  endfacet
  facet normal 0.896683 -0.442673 0
    outer loop
      vertex 72.9608 6.6 0
      vertex 72.8913 6.45922 2
      vertex 72.8913 6.45922 0
    endloop
  endfacet
  facet normal 0.980813 -0.194952 0
    outer loop
      vertex 72.8103 6.15663 2
      vertex 72.8409 6.31058 0
      vertex 72.8409 6.31058 2
    endloop
  endfacet
  facet normal 0.980813 -0.194952 0
    outer loop
      vertex 72.8409 6.31058 0
      vertex 72.8103 6.15663 2
      vertex 72.8103 6.15663 0
    endloop
  endfacet
  facet normal 0.65937 -0.751818 0
    outer loop
      vertex 73.1515 6.84853 0
      vertex 73.2695 6.95202 2
      vertex 73.1515 6.84853 2
    endloop
  endfacet
  facet normal 0.65937 -0.751818 0
    outer loop
      vertex 73.2695 6.95202 2
      vertex 73.1515 6.84853 0
      vertex 73.2695 6.95202 0
    endloop
  endfacet
  facet normal 0.321537 -0.946897 0
    outer loop
      vertex 73.5408 7.10865 0
      vertex 73.6894 7.15911 2
      vertex 73.5408 7.10865 2
    endloop
  endfacet
  facet normal 0.321537 -0.946897 0
    outer loop
      vertex 73.6894 7.15911 2
      vertex 73.5408 7.10865 0
      vertex 73.6894 7.15911 0
    endloop
  endfacet
  facet normal -0.195014 0.980801 0
    outer loop
      vertex 74.3106 4.84089 0
      vertex 74.1566 4.81027 2
      vertex 74.3106 4.84089 2
    endloop
  endfacet
  facet normal -0.195014 0.980801 0
    outer loop
      vertex 74.1566 4.81027 2
      vertex 74.3106 4.84089 0
      vertex 74.1566 4.81027 0
    endloop
  endfacet
  facet normal -0.94704 -0.321117 0
    outer loop
      vertex 75.1591 6.31058 0
      vertex 75.1087 6.45922 2
      vertex 75.1087 6.45922 0
    endloop
  endfacet
  facet normal -0.94704 -0.321117 0
    outer loop
      vertex 75.1087 6.45922 2
      vertex 75.1591 6.31058 0
      vertex 75.1591 6.31058 2
    endloop
  endfacet
  facet normal -0.980813 -0.194952 0
    outer loop
      vertex 75.1897 6.15663 0
      vertex 75.1591 6.31058 2
      vertex 75.1591 6.31058 0
    endloop
  endfacet
  facet normal -0.980813 -0.194952 0
    outer loop
      vertex 75.1591 6.31058 2
      vertex 75.1897 6.15663 0
      vertex 75.1897 6.15663 2
    endloop
  endfacet
  facet normal -0.751842 -0.659343 0
    outer loop
      vertex 74.952 6.73051 0
      vertex 74.8485 6.84853 2
      vertex 74.8485 6.84853 0
    endloop
  endfacet
  facet normal -0.751842 -0.659343 0
    outer loop
      vertex 74.8485 6.84853 2
      vertex 74.952 6.73051 0
      vertex 74.952 6.73051 2
    endloop
  endfacet
  facet normal -0.831481 -0.555553 0
    outer loop
      vertex 75.0392 6.6 0
      vertex 74.952 6.73051 2
      vertex 74.952 6.73051 0
    endloop
  endfacet
  facet normal -0.831481 -0.555553 0
    outer loop
      vertex 74.952 6.73051 2
      vertex 75.0392 6.6 0
      vertex 75.0392 6.6 2
    endloop
  endfacet
  facet normal -0.0654405 -0.997856 0
    outer loop
      vertex 74 7.2 0
      vertex 74.1566 7.18973 2
      vertex 74 7.2 2
    endloop
  endfacet
  facet normal -0.0654405 -0.997856 -0
    outer loop
      vertex 74.1566 7.18973 2
      vertex 74 7.2 0
      vertex 74.1566 7.18973 0
    endloop
  endfacet
  facet normal -0.555626 -0.831432 0
    outer loop
      vertex 74.6 7.03923 0
      vertex 74.7305 6.95202 2
      vertex 74.6 7.03923 2
    endloop
  endfacet
  facet normal -0.555626 -0.831432 -0
    outer loop
      vertex 74.7305 6.95202 2
      vertex 74.6 7.03923 0
      vertex 74.7305 6.95202 0
    endloop
  endfacet
  facet normal 0.997845 -0.0656183 0
    outer loop
      vertex 72.8 6 2
      vertex 72.8103 6.15663 0
      vertex 72.8103 6.15663 2
    endloop
  endfacet
  facet normal 0.997845 -0.0656183 0
    outer loop
      vertex 72.8103 6.15663 0
      vertex 72.8 6 2
      vertex 72.8 6 0
    endloop
  endfacet
  facet normal 0.195014 -0.980801 0
    outer loop
      vertex 73.6894 7.15911 0
      vertex 73.8434 7.18973 2
      vertex 73.6894 7.15911 2
    endloop
  endfacet
  facet normal 0.195014 -0.980801 0
    outer loop
      vertex 73.8434 7.18973 2
      vertex 73.6894 7.15911 0
      vertex 73.8434 7.18973 0
    endloop
  endfacet
  facet normal -0.751842 0.659343 0
    outer loop
      vertex 74.8485 5.15147 0
      vertex 74.952 5.26949 2
      vertex 74.952 5.26949 0
    endloop
  endfacet
  facet normal -0.751842 0.659343 0
    outer loop
      vertex 74.952 5.26949 2
      vertex 74.8485 5.15147 0
      vertex 74.8485 5.15147 2
    endloop
  endfacet
  facet normal -0.94704 0.321117 0
    outer loop
      vertex 75.1087 5.54078 0
      vertex 75.1591 5.68942 2
      vertex 75.1591 5.68942 0
    endloop
  endfacet
  facet normal -0.94704 0.321117 0
    outer loop
      vertex 75.1591 5.68942 2
      vertex 75.1087 5.54078 0
      vertex 75.1087 5.54078 2
    endloop
  endfacet
  facet normal -0.980813 0.194952 0
    outer loop
      vertex 75.1591 5.68942 0
      vertex 75.1897 5.84337 2
      vertex 75.1897 5.84337 0
    endloop
  endfacet
  facet normal -0.980813 0.194952 0
    outer loop
      vertex 75.1897 5.84337 2
      vertex 75.1591 5.68942 0
      vertex 75.1591 5.68942 2
    endloop
  endfacet
  facet normal -0.442264 0.896885 0
    outer loop
      vertex 74.6 4.96077 0
      vertex 74.4592 4.89134 2
      vertex 74.6 4.96077 2
    endloop
  endfacet
  facet normal -0.442264 0.896885 0
    outer loop
      vertex 74.4592 4.89134 2
      vertex 74.6 4.96077 0
      vertex 74.4592 4.89134 0
    endloop
  endfacet
  facet normal 0.831481 -0.555553 0
    outer loop
      vertex 72.9608 6.6 2
      vertex 73.048 6.73051 0
      vertex 73.048 6.73051 2
    endloop
  endfacet
  facet normal 0.831481 -0.555553 0
    outer loop
      vertex 73.048 6.73051 0
      vertex 72.9608 6.6 2
      vertex 72.9608 6.6 0
    endloop
  endfacet
  facet normal 0.997845 0.0656183 0
    outer loop
      vertex 72.8103 5.84337 2
      vertex 72.8 6 0
      vertex 72.8 6 2
    endloop
  endfacet
  facet normal 0.997845 0.0656183 0
    outer loop
      vertex 72.8 6 0
      vertex 72.8103 5.84337 2
      vertex 72.8103 5.84337 0
    endloop
  endfacet
  facet normal 0.555626 -0.831432 0
    outer loop
      vertex 73.2695 6.95202 0
      vertex 73.4 7.03923 2
      vertex 73.2695 6.95202 2
    endloop
  endfacet
  facet normal 0.555626 -0.831432 0
    outer loop
      vertex 73.4 7.03923 2
      vertex 73.2695 6.95202 0
      vertex 73.4 7.03923 0
    endloop
  endfacet
  facet normal -0.831481 0.555553 0
    outer loop
      vertex 74.952 5.26949 0
      vertex 75.0392 5.4 2
      vertex 75.0392 5.4 0
    endloop
  endfacet
  facet normal -0.831481 0.555553 0
    outer loop
      vertex 75.0392 5.4 2
      vertex 74.952 5.26949 0
      vertex 74.952 5.26949 2
    endloop
  endfacet
  facet normal -0.555626 0.831432 0
    outer loop
      vertex 74.7305 5.04798 0
      vertex 74.6 4.96077 2
      vertex 74.7305 5.04798 2
    endloop
  endfacet
  facet normal -0.555626 0.831432 0
    outer loop
      vertex 74.6 4.96077 2
      vertex 74.7305 5.04798 0
      vertex 74.6 4.96077 0
    endloop
  endfacet
  facet normal -0.997845 0.0656183 0
    outer loop
      vertex 75.1897 5.84337 0
      vertex 75.2 6 2
      vertex 75.2 6 0
    endloop
  endfacet
  facet normal -0.997845 0.0656183 0
    outer loop
      vertex 75.2 6 2
      vertex 75.1897 5.84337 0
      vertex 75.1897 5.84337 2
    endloop
  endfacet
  facet normal 0.32148 0.946916 -0
    outer loop
      vertex 73.6894 4.84089 0
      vertex 73.5408 4.89134 2
      vertex 73.6894 4.84089 2
    endloop
  endfacet
  facet normal 0.32148 0.946916 0
    outer loop
      vertex 73.5408 4.89134 2
      vertex 73.6894 4.84089 0
      vertex 73.5408 4.89134 0
    endloop
  endfacet
  facet normal 0.65937 0.751818 -0
    outer loop
      vertex 73.2695 5.04798 0
      vertex 73.1515 5.15147 2
      vertex 73.2695 5.04798 2
    endloop
  endfacet
  facet normal 0.65937 0.751818 0
    outer loop
      vertex 73.1515 5.15147 2
      vertex 73.2695 5.04798 0
      vertex 73.1515 5.15147 0
    endloop
  endfacet
  facet normal 0.896683 0.442673 0
    outer loop
      vertex 72.9608 5.4 2
      vertex 72.8913 5.54078 0
      vertex 72.8913 5.54078 2
    endloop
  endfacet
  facet normal 0.896683 0.442673 0
    outer loop
      vertex 72.8913 5.54078 0
      vertex 72.9608 5.4 2
      vertex 72.9608 5.4 0
    endloop
  endfacet
  facet normal -0.32148 0.946916 0
    outer loop
      vertex 74.4592 4.89134 0
      vertex 74.3106 4.84089 2
      vertex 74.4592 4.89134 2
    endloop
  endfacet
  facet normal -0.32148 0.946916 0
    outer loop
      vertex 74.3106 4.84089 2
      vertex 74.4592 4.89134 0
      vertex 74.3106 4.84089 0
    endloop
  endfacet
  facet normal -0.896683 0.442673 0
    outer loop
      vertex 75.0392 5.4 0
      vertex 75.1087 5.54078 2
      vertex 75.1087 5.54078 0
    endloop
  endfacet
  facet normal -0.896683 0.442673 0
    outer loop
      vertex 75.1087 5.54078 2
      vertex 75.0392 5.4 0
      vertex 75.0392 5.4 2
    endloop
  endfacet
  facet normal -0.65937 0.751818 0
    outer loop
      vertex 74.8485 5.15147 0
      vertex 74.7305 5.04798 2
      vertex 74.8485 5.15147 2
    endloop
  endfacet
  facet normal -0.65937 0.751818 0
    outer loop
      vertex 74.7305 5.04798 2
      vertex 74.8485 5.15147 0
      vertex 74.7305 5.04798 0
    endloop
  endfacet
  facet normal 0.195014 0.980801 -0
    outer loop
      vertex 73.8434 4.81027 0
      vertex 73.6894 4.84089 2
      vertex 73.8434 4.81027 2
    endloop
  endfacet
  facet normal 0.195014 0.980801 0
    outer loop
      vertex 73.6894 4.84089 2
      vertex 73.8434 4.81027 0
      vertex 73.6894 4.84089 0
    endloop
  endfacet
  facet normal 0.751842 0.659343 0
    outer loop
      vertex 73.1515 5.15147 2
      vertex 73.048 5.26949 0
      vertex 73.048 5.26949 2
    endloop
  endfacet
  facet normal 0.751842 0.659343 0
    outer loop
      vertex 73.048 5.26949 0
      vertex 73.1515 5.15147 2
      vertex 73.1515 5.15147 0
    endloop
  endfacet
  facet normal 0.831481 0.555553 0
    outer loop
      vertex 73.048 5.26949 2
      vertex 72.9608 5.4 0
      vertex 72.9608 5.4 2
    endloop
  endfacet
  facet normal 0.831481 0.555553 0
    outer loop
      vertex 72.9608 5.4 0
      vertex 73.048 5.26949 2
      vertex 73.048 5.26949 0
    endloop
  endfacet
  facet normal 0.94704 0.321117 0
    outer loop
      vertex 72.8913 5.54078 2
      vertex 72.8409 5.68942 0
      vertex 72.8409 5.68942 2
    endloop
  endfacet
  facet normal 0.94704 0.321117 0
    outer loop
      vertex 72.8409 5.68942 0
      vertex 72.8913 5.54078 2
      vertex 72.8913 5.54078 0
    endloop
  endfacet
  facet normal 0.980813 0.194952 0
    outer loop
      vertex 72.8409 5.68942 2
      vertex 72.8103 5.84337 0
      vertex 72.8103 5.84337 2
    endloop
  endfacet
  facet normal 0.980813 0.194952 0
    outer loop
      vertex 72.8103 5.84337 0
      vertex 72.8409 5.68942 2
      vertex 72.8409 5.68942 0
    endloop
  endfacet
  facet normal 0.555626 0.831432 -0
    outer loop
      vertex 73.4 4.96077 0
      vertex 73.2695 5.04798 2
      vertex 73.4 4.96077 2
    endloop
  endfacet
  facet normal 0.555626 0.831432 0
    outer loop
      vertex 73.2695 5.04798 2
      vertex 73.4 4.96077 0
      vertex 73.2695 5.04798 0
    endloop
  endfacet
  facet normal 0.442264 0.896885 -0
    outer loop
      vertex 73.5408 4.89134 0
      vertex 73.4 4.96077 2
      vertex 73.5408 4.89134 2
    endloop
  endfacet
  facet normal 0.442264 0.896885 0
    outer loop
      vertex 73.4 4.96077 2
      vertex 73.5408 4.89134 0
      vertex 73.4 4.96077 0
    endloop
  endfacet
  facet normal 0.0654405 0.997856 -0
    outer loop
      vertex 74 4.8 0
      vertex 73.8434 4.81027 2
      vertex 74 4.8 2
    endloop
  endfacet
  facet normal 0.0654405 0.997856 0
    outer loop
      vertex 73.8434 4.81027 2
      vertex 74 4.8 0
      vertex 73.8434 4.81027 0
    endloop
  endfacet
  facet normal -0.997856 -0.0654405 0
    outer loop
      vertex 7.2 48 0
      vertex 7.18973 48.1566 2
      vertex 7.18973 48.1566 0
    endloop
  endfacet
  facet normal -0.997856 -0.0654405 0
    outer loop
      vertex 7.18973 48.1566 2
      vertex 7.2 48 0
      vertex 7.2 48 2
    endloop
  endfacet
  facet normal 0.0656183 -0.997845 0
    outer loop
      vertex 5.84337 49.1897 0
      vertex 6 49.2 2
      vertex 5.84337 49.1897 2
    endloop
  endfacet
  facet normal 0.0656183 -0.997845 0
    outer loop
      vertex 6 49.2 2
      vertex 5.84337 49.1897 0
      vertex 6 49.2 0
    endloop
  endfacet
  facet normal -0.0656183 0.997845 0
    outer loop
      vertex 6.15663 46.8103 0
      vertex 6 46.8 2
      vertex 6.15663 46.8103 2
    endloop
  endfacet
  facet normal -0.0656183 0.997845 0
    outer loop
      vertex 6 46.8 2
      vertex 6.15663 46.8103 0
      vertex 6 46.8 0
    endloop
  endfacet
  facet normal -0.659343 -0.751842 0
    outer loop
      vertex 6.73051 48.952 0
      vertex 6.84853 48.8485 2
      vertex 6.73051 48.952 2
    endloop
  endfacet
  facet normal -0.659343 -0.751842 -0
    outer loop
      vertex 6.84853 48.8485 2
      vertex 6.73051 48.952 0
      vertex 6.84853 48.8485 0
    endloop
  endfacet
  facet normal 0.751818 -0.65937 0
    outer loop
      vertex 5.04798 48.7305 2
      vertex 5.15147 48.8485 0
      vertex 5.15147 48.8485 2
    endloop
  endfacet
  facet normal 0.751818 -0.65937 0
    outer loop
      vertex 5.15147 48.8485 0
      vertex 5.04798 48.7305 2
      vertex 5.04798 48.7305 0
    endloop
  endfacet
  facet normal 0.442673 -0.896683 0
    outer loop
      vertex 5.4 49.0392 0
      vertex 5.54078 49.1087 2
      vertex 5.4 49.0392 2
    endloop
  endfacet
  facet normal 0.442673 -0.896683 0
    outer loop
      vertex 5.54078 49.1087 2
      vertex 5.4 49.0392 0
      vertex 5.54078 49.1087 0
    endloop
  endfacet
  facet normal -0.89691 -0.442212 0
    outer loop
      vertex 7.10865 48.4592 0
      vertex 7.03923 48.6 2
      vertex 7.03923 48.6 0
    endloop
  endfacet
  facet normal -0.89691 -0.442212 0
    outer loop
      vertex 7.03923 48.6 2
      vertex 7.10865 48.4592 0
      vertex 7.10865 48.4592 2
    endloop
  endfacet
  facet normal -0.321117 -0.94704 0
    outer loop
      vertex 6.31058 49.1591 0
      vertex 6.45922 49.1087 2
      vertex 6.31058 49.1591 2
    endloop
  endfacet
  facet normal -0.321117 -0.94704 -0
    outer loop
      vertex 6.45922 49.1087 2
      vertex 6.31058 49.1591 0
      vertex 6.45922 49.1087 0
    endloop
  endfacet
  facet normal -0.194952 -0.980813 0
    outer loop
      vertex 6.15663 49.1897 0
      vertex 6.31058 49.1591 2
      vertex 6.15663 49.1897 2
    endloop
  endfacet
  facet normal -0.194952 -0.980813 -0
    outer loop
      vertex 6.31058 49.1591 2
      vertex 6.15663 49.1897 0
      vertex 6.31058 49.1591 0
    endloop
  endfacet
  facet normal -0.442673 -0.896683 0
    outer loop
      vertex 6.45922 49.1087 0
      vertex 6.6 49.0392 2
      vertex 6.45922 49.1087 2
    endloop
  endfacet
  facet normal -0.442673 -0.896683 -0
    outer loop
      vertex 6.6 49.0392 2
      vertex 6.45922 49.1087 0
      vertex 6.6 49.0392 0
    endloop
  endfacet
  facet normal 0.946916 -0.32148 0
    outer loop
      vertex 4.84089 48.3106 2
      vertex 4.89134 48.4592 0
      vertex 4.89134 48.4592 2
    endloop
  endfacet
  facet normal 0.946916 -0.32148 0
    outer loop
      vertex 4.89134 48.4592 0
      vertex 4.84089 48.3106 2
      vertex 4.84089 48.3106 0
    endloop
  endfacet
  facet normal 0.896885 -0.442264 0
    outer loop
      vertex 4.89134 48.4592 2
      vertex 4.96077 48.6 0
      vertex 4.96077 48.6 2
    endloop
  endfacet
  facet normal 0.896885 -0.442264 0
    outer loop
      vertex 4.96077 48.6 0
      vertex 4.89134 48.4592 2
      vertex 4.89134 48.4592 0
    endloop
  endfacet
  facet normal 0.980801 -0.195014 0
    outer loop
      vertex 4.81027 48.1566 2
      vertex 4.84089 48.3106 0
      vertex 4.84089 48.3106 2
    endloop
  endfacet
  facet normal 0.980801 -0.195014 0
    outer loop
      vertex 4.84089 48.3106 0
      vertex 4.81027 48.1566 2
      vertex 4.81027 48.1566 0
    endloop
  endfacet
  facet normal 0.659343 -0.751842 0
    outer loop
      vertex 5.15147 48.8485 0
      vertex 5.26949 48.952 2
      vertex 5.15147 48.8485 2
    endloop
  endfacet
  facet normal 0.659343 -0.751842 0
    outer loop
      vertex 5.26949 48.952 2
      vertex 5.15147 48.8485 0
      vertex 5.26949 48.952 0
    endloop
  endfacet
  facet normal 0.321117 -0.94704 0
    outer loop
      vertex 5.54078 49.1087 0
      vertex 5.68942 49.1591 2
      vertex 5.54078 49.1087 2
    endloop
  endfacet
  facet normal 0.321117 -0.94704 0
    outer loop
      vertex 5.68942 49.1591 2
      vertex 5.54078 49.1087 0
      vertex 5.68942 49.1591 0
    endloop
  endfacet
  facet normal -0.194952 0.980813 0
    outer loop
      vertex 6.31058 46.8409 0
      vertex 6.15663 46.8103 2
      vertex 6.31058 46.8409 2
    endloop
  endfacet
  facet normal -0.194952 0.980813 0
    outer loop
      vertex 6.15663 46.8103 2
      vertex 6.31058 46.8409 0
      vertex 6.15663 46.8103 0
    endloop
  endfacet
  facet normal -0.946897 -0.321537 0
    outer loop
      vertex 7.15911 48.3106 0
      vertex 7.10865 48.4592 2
      vertex 7.10865 48.4592 0
    endloop
  endfacet
  facet normal -0.946897 -0.321537 0
    outer loop
      vertex 7.10865 48.4592 2
      vertex 7.15911 48.3106 0
      vertex 7.15911 48.3106 2
    endloop
  endfacet
  facet normal -0.980801 -0.195014 0
    outer loop
      vertex 7.18973 48.1566 0
      vertex 7.15911 48.3106 2
      vertex 7.15911 48.3106 0
    endloop
  endfacet
  facet normal -0.980801 -0.195014 0
    outer loop
      vertex 7.15911 48.3106 2
      vertex 7.18973 48.1566 0
      vertex 7.18973 48.1566 2
    endloop
  endfacet
  facet normal -0.751818 -0.65937 0
    outer loop
      vertex 6.95202 48.7305 0
      vertex 6.84853 48.8485 2
      vertex 6.84853 48.8485 0
    endloop
  endfacet
  facet normal -0.751818 -0.65937 0
    outer loop
      vertex 6.84853 48.8485 2
      vertex 6.95202 48.7305 0
      vertex 6.95202 48.7305 2
    endloop
  endfacet
  facet normal -0.831432 -0.555626 0
    outer loop
      vertex 7.03923 48.6 0
      vertex 6.95202 48.7305 2
      vertex 6.95202 48.7305 0
    endloop
  endfacet
  facet normal -0.831432 -0.555626 0
    outer loop
      vertex 6.95202 48.7305 2
      vertex 7.03923 48.6 0
      vertex 7.03923 48.6 2
    endloop
  endfacet
  facet normal -0.0656183 -0.997845 0
    outer loop
      vertex 6 49.2 0
      vertex 6.15663 49.1897 2
      vertex 6 49.2 2
    endloop
  endfacet
  facet normal -0.0656183 -0.997845 -0
    outer loop
      vertex 6.15663 49.1897 2
      vertex 6 49.2 0
      vertex 6.15663 49.1897 0
    endloop
  endfacet
  facet normal -0.555553 -0.831481 0
    outer loop
      vertex 6.6 49.0392 0
      vertex 6.73051 48.952 2
      vertex 6.6 49.0392 2
    endloop
  endfacet
  facet normal -0.555553 -0.831481 -0
    outer loop
      vertex 6.73051 48.952 2
      vertex 6.6 49.0392 0
      vertex 6.73051 48.952 0
    endloop
  endfacet
  facet normal 0.997856 -0.0654405 0
    outer loop
      vertex 4.8 48 2
      vertex 4.81027 48.1566 0
      vertex 4.81027 48.1566 2
    endloop
  endfacet
  facet normal 0.997856 -0.0654405 0
    outer loop
      vertex 4.81027 48.1566 0
      vertex 4.8 48 2
      vertex 4.8 48 0
    endloop
  endfacet
  facet normal 0.194952 -0.980813 0
    outer loop
      vertex 5.68942 49.1591 0
      vertex 5.84337 49.1897 2
      vertex 5.68942 49.1591 2
    endloop
  endfacet
  facet normal 0.194952 -0.980813 0
    outer loop
      vertex 5.84337 49.1897 2
      vertex 5.68942 49.1591 0
      vertex 5.84337 49.1897 0
    endloop
  endfacet
  facet normal -0.751818 0.65937 0
    outer loop
      vertex 6.84853 47.1515 0
      vertex 6.95202 47.2695 2
      vertex 6.95202 47.2695 0
    endloop
  endfacet
  facet normal -0.751818 0.65937 0
    outer loop
      vertex 6.95202 47.2695 2
      vertex 6.84853 47.1515 0
      vertex 6.84853 47.1515 2
    endloop
  endfacet
  facet normal -0.946897 0.321537 0
    outer loop
      vertex 7.10865 47.5408 0
      vertex 7.15911 47.6894 2
      vertex 7.15911 47.6894 0
    endloop
  endfacet
  facet normal -0.946897 0.321537 0
    outer loop
      vertex 7.15911 47.6894 2
      vertex 7.10865 47.5408 0
      vertex 7.10865 47.5408 2
    endloop
  endfacet
  facet normal -0.980801 0.195014 0
    outer loop
      vertex 7.15911 47.6894 0
      vertex 7.18973 47.8434 2
      vertex 7.18973 47.8434 0
    endloop
  endfacet
  facet normal -0.980801 0.195014 0
    outer loop
      vertex 7.18973 47.8434 2
      vertex 7.15911 47.6894 0
      vertex 7.15911 47.6894 2
    endloop
  endfacet
  facet normal -0.442673 0.896683 0
    outer loop
      vertex 6.6 46.9608 0
      vertex 6.45922 46.8913 2
      vertex 6.6 46.9608 2
    endloop
  endfacet
  facet normal -0.442673 0.896683 0
    outer loop
      vertex 6.45922 46.8913 2
      vertex 6.6 46.9608 0
      vertex 6.45922 46.8913 0
    endloop
  endfacet
  facet normal 0.831432 -0.555626 0
    outer loop
      vertex 4.96077 48.6 2
      vertex 5.04798 48.7305 0
      vertex 5.04798 48.7305 2
    endloop
  endfacet
  facet normal 0.831432 -0.555626 0
    outer loop
      vertex 5.04798 48.7305 0
      vertex 4.96077 48.6 2
      vertex 4.96077 48.6 0
    endloop
  endfacet
  facet normal 0.997856 0.0654405 0
    outer loop
      vertex 4.81027 47.8434 2
      vertex 4.8 48 0
      vertex 4.8 48 2
    endloop
  endfacet
  facet normal 0.997856 0.0654405 0
    outer loop
      vertex 4.8 48 0
      vertex 4.81027 47.8434 2
      vertex 4.81027 47.8434 0
    endloop
  endfacet
  facet normal 0.555553 -0.831481 0
    outer loop
      vertex 5.26949 48.952 0
      vertex 5.4 49.0392 2
      vertex 5.26949 48.952 2
    endloop
  endfacet
  facet normal 0.555553 -0.831481 0
    outer loop
      vertex 5.4 49.0392 2
      vertex 5.26949 48.952 0
      vertex 5.4 49.0392 0
    endloop
  endfacet
  facet normal -0.831432 0.555626 0
    outer loop
      vertex 6.95202 47.2695 0
      vertex 7.03923 47.4 2
      vertex 7.03923 47.4 0
    endloop
  endfacet
  facet normal -0.831432 0.555626 0
    outer loop
      vertex 7.03923 47.4 2
      vertex 6.95202 47.2695 0
      vertex 6.95202 47.2695 2
    endloop
  endfacet
  facet normal -0.555553 0.831481 0
    outer loop
      vertex 6.73051 47.048 0
      vertex 6.6 46.9608 2
      vertex 6.73051 47.048 2
    endloop
  endfacet
  facet normal -0.555553 0.831481 0
    outer loop
      vertex 6.6 46.9608 2
      vertex 6.73051 47.048 0
      vertex 6.6 46.9608 0
    endloop
  endfacet
  facet normal -0.997856 0.0654405 0
    outer loop
      vertex 7.18973 47.8434 0
      vertex 7.2 48 2
      vertex 7.2 48 0
    endloop
  endfacet
  facet normal -0.997856 0.0654405 0
    outer loop
      vertex 7.2 48 2
      vertex 7.18973 47.8434 0
      vertex 7.18973 47.8434 2
    endloop
  endfacet
  facet normal 0.321117 0.94704 -0
    outer loop
      vertex 5.68942 46.8409 0
      vertex 5.54078 46.8913 2
      vertex 5.68942 46.8409 2
    endloop
  endfacet
  facet normal 0.321117 0.94704 0
    outer loop
      vertex 5.54078 46.8913 2
      vertex 5.68942 46.8409 0
      vertex 5.54078 46.8913 0
    endloop
  endfacet
  facet normal 0.659343 0.751842 -0
    outer loop
      vertex 5.26949 47.048 0
      vertex 5.15147 47.1515 2
      vertex 5.26949 47.048 2
    endloop
  endfacet
  facet normal 0.659343 0.751842 0
    outer loop
      vertex 5.15147 47.1515 2
      vertex 5.26949 47.048 0
      vertex 5.15147 47.1515 0
    endloop
  endfacet
  facet normal 0.831432 0.555626 0
    outer loop
      vertex 5.04798 47.2695 2
      vertex 4.96077 47.4 0
      vertex 4.96077 47.4 2
    endloop
  endfacet
  facet normal 0.831432 0.555626 0
    outer loop
      vertex 4.96077 47.4 0
      vertex 5.04798 47.2695 2
      vertex 5.04798 47.2695 0
    endloop
  endfacet
  facet normal 0.896885 0.442264 0
    outer loop
      vertex 4.96077 47.4 2
      vertex 4.89134 47.5408 0
      vertex 4.89134 47.5408 2
    endloop
  endfacet
  facet normal 0.896885 0.442264 0
    outer loop
      vertex 4.89134 47.5408 0
      vertex 4.96077 47.4 2
      vertex 4.96077 47.4 0
    endloop
  endfacet
  facet normal -0.321117 0.94704 0
    outer loop
      vertex 6.45922 46.8913 0
      vertex 6.31058 46.8409 2
      vertex 6.45922 46.8913 2
    endloop
  endfacet
  facet normal -0.321117 0.94704 0
    outer loop
      vertex 6.31058 46.8409 2
      vertex 6.45922 46.8913 0
      vertex 6.31058 46.8409 0
    endloop
  endfacet
  facet normal -0.89691 0.442212 0
    outer loop
      vertex 7.03923 47.4 0
      vertex 7.10865 47.5408 2
      vertex 7.10865 47.5408 0
    endloop
  endfacet
  facet normal -0.89691 0.442212 0
    outer loop
      vertex 7.10865 47.5408 2
      vertex 7.03923 47.4 0
      vertex 7.03923 47.4 2
    endloop
  endfacet
  facet normal -0.659343 0.751842 0
    outer loop
      vertex 6.84853 47.1515 0
      vertex 6.73051 47.048 2
      vertex 6.84853 47.1515 2
    endloop
  endfacet
  facet normal -0.659343 0.751842 0
    outer loop
      vertex 6.73051 47.048 2
      vertex 6.84853 47.1515 0
      vertex 6.73051 47.048 0
    endloop
  endfacet
  facet normal 0.0656183 0.997845 -0
    outer loop
      vertex 6 46.8 0
      vertex 5.84337 46.8103 2
      vertex 6 46.8 2
    endloop
  endfacet
  facet normal 0.0656183 0.997845 0
    outer loop
      vertex 5.84337 46.8103 2
      vertex 6 46.8 0
      vertex 5.84337 46.8103 0
    endloop
  endfacet
  facet normal 0.194952 0.980813 -0
    outer loop
      vertex 5.84337 46.8103 0
      vertex 5.68942 46.8409 2
      vertex 5.84337 46.8103 2
    endloop
  endfacet
  facet normal 0.194952 0.980813 0
    outer loop
      vertex 5.68942 46.8409 2
      vertex 5.84337 46.8103 0
      vertex 5.68942 46.8409 0
    endloop
  endfacet
  facet normal 0.751818 0.65937 0
    outer loop
      vertex 5.15147 47.1515 2
      vertex 5.04798 47.2695 0
      vertex 5.04798 47.2695 2
    endloop
  endfacet
  facet normal 0.751818 0.65937 0
    outer loop
      vertex 5.04798 47.2695 0
      vertex 5.15147 47.1515 2
      vertex 5.15147 47.1515 0
    endloop
  endfacet
  facet normal 0.946916 0.32148 0
    outer loop
      vertex 4.89134 47.5408 2
      vertex 4.84089 47.6894 0
      vertex 4.84089 47.6894 2
    endloop
  endfacet
  facet normal 0.946916 0.32148 0
    outer loop
      vertex 4.84089 47.6894 0
      vertex 4.89134 47.5408 2
      vertex 4.89134 47.5408 0
    endloop
  endfacet
  facet normal 0.980801 0.195014 0
    outer loop
      vertex 4.84089 47.6894 2
      vertex 4.81027 47.8434 0
      vertex 4.81027 47.8434 2
    endloop
  endfacet
  facet normal 0.980801 0.195014 0
    outer loop
      vertex 4.81027 47.8434 0
      vertex 4.84089 47.6894 2
      vertex 4.84089 47.6894 0
    endloop
  endfacet
  facet normal 0.555553 0.831481 -0
    outer loop
      vertex 5.4 46.9608 0
      vertex 5.26949 47.048 2
      vertex 5.4 46.9608 2
    endloop
  endfacet
  facet normal 0.555553 0.831481 0
    outer loop
      vertex 5.26949 47.048 2
      vertex 5.4 46.9608 0
      vertex 5.26949 47.048 0
    endloop
  endfacet
  facet normal 0.442673 0.896683 -0
    outer loop
      vertex 5.54078 46.8913 0
      vertex 5.4 46.9608 2
      vertex 5.54078 46.8913 2
    endloop
  endfacet
  facet normal 0.442673 0.896683 0
    outer loop
      vertex 5.4 46.9608 2
      vertex 5.54078 46.8913 0
      vertex 5.4 46.9608 0
    endloop
  endfacet
  facet normal -0.896708 -0.442622 0
    outer loop
      vertex 75.1087 48.4592 0
      vertex 75.0392 48.6 2
      vertex 75.0392 48.6 0
    endloop
  endfacet
  facet normal -0.896708 -0.442622 0
    outer loop
      vertex 75.0392 48.6 2
      vertex 75.1087 48.4592 0
      vertex 75.1087 48.4592 2
    endloop
  endfacet
  facet normal 0.980825 -0.194891 0
    outer loop
      vertex 72.8103 48.1566 2
      vertex 72.8409 48.3106 0
      vertex 72.8409 48.3106 2
    endloop
  endfacet
  facet normal 0.980825 -0.194891 0
    outer loop
      vertex 72.8409 48.3106 0
      vertex 72.8103 48.1566 2
      vertex 72.8103 48.1566 0
    endloop
  endfacet
  facet normal -0.831462 -0.555582 0
    outer loop
      vertex 75.0392 48.6 0
      vertex 74.952 48.7305 2
      vertex 74.952 48.7305 0
    endloop
  endfacet
  facet normal -0.831462 -0.555582 0
    outer loop
      vertex 74.952 48.7305 2
      vertex 75.0392 48.6 0
      vertex 75.0392 48.6 2
    endloop
  endfacet
  facet normal -0.321194 -0.947013 0
    outer loop
      vertex 74.3106 49.1591 0
      vertex 74.4592 49.1087 2
      vertex 74.3106 49.1591 2
    endloop
  endfacet
  facet normal -0.321194 -0.947013 -0
    outer loop
      vertex 74.4592 49.1087 2
      vertex 74.3106 49.1591 0
      vertex 74.4592 49.1087 0
    endloop
  endfacet
  facet normal 0.442622 -0.896708 0
    outer loop
      vertex 73.4 49.0392 0
      vertex 73.5408 49.1087 2
      vertex 73.4 49.0392 2
    endloop
  endfacet
  facet normal 0.442622 -0.896708 0
    outer loop
      vertex 73.5408 49.1087 2
      vertex 73.4 49.0392 0
      vertex 73.5408 49.1087 0
    endloop
  endfacet
  facet normal 0.947013 -0.321194 0
    outer loop
      vertex 72.8409 48.3106 2
      vertex 72.8913 48.4592 0
      vertex 72.8913 48.4592 2
    endloop
  endfacet
  facet normal 0.947013 -0.321194 0
    outer loop
      vertex 72.8913 48.4592 0
      vertex 72.8409 48.3106 2
      vertex 72.8409 48.3106 0
    endloop
  endfacet
  facet normal -0.980825 0.194891 0
    outer loop
      vertex 75.1591 47.6894 0
      vertex 75.1897 47.8434 2
      vertex 75.1897 47.8434 0
    endloop
  endfacet
  facet normal -0.980825 0.194891 0
    outer loop
      vertex 75.1897 47.8434 2
      vertex 75.1591 47.6894 0
      vertex 75.1591 47.6894 2
    endloop
  endfacet
  facet normal -0.442622 0.896708 0
    outer loop
      vertex 74.6 46.9608 0
      vertex 74.4592 46.8913 2
      vertex 74.6 46.9608 2
    endloop
  endfacet
  facet normal -0.442622 0.896708 0
    outer loop
      vertex 74.4592 46.8913 2
      vertex 74.6 46.9608 0
      vertex 74.4592 46.8913 0
    endloop
  endfacet
  facet normal -0.659406 -0.751787 0
    outer loop
      vertex 74.7305 48.952 0
      vertex 74.8485 48.8485 2
      vertex 74.7305 48.952 2
    endloop
  endfacet
  facet normal -0.659406 -0.751787 -0
    outer loop
      vertex 74.8485 48.8485 2
      vertex 74.7305 48.952 0
      vertex 74.8485 48.8485 0
    endloop
  endfacet
  facet normal -0.0656309 -0.997844 0
    outer loop
      vertex 74 49.2 0
      vertex 74.1566 49.1897 2
      vertex 74 49.2 2
    endloop
  endfacet
  facet normal -0.0656309 -0.997844 -0
    outer loop
      vertex 74.1566 49.1897 2
      vertex 74 49.2 0
      vertex 74.1566 49.1897 0
    endloop
  endfacet
  facet normal 0.997844 0.0656309 0
    outer loop
      vertex 72.8103 47.8434 2
      vertex 72.8 48 0
      vertex 72.8 48 2
    endloop
  endfacet
  facet normal 0.997844 0.0656309 0
    outer loop
      vertex 72.8 48 0
      vertex 72.8103 47.8434 2
      vertex 72.8103 47.8434 0
    endloop
  endfacet
  facet normal 0.831462 -0.555582 0
    outer loop
      vertex 72.9608 48.6 2
      vertex 73.048 48.7305 0
      vertex 73.048 48.7305 2
    endloop
  endfacet
  facet normal 0.831462 -0.555582 0
    outer loop
      vertex 73.048 48.7305 0
      vertex 72.9608 48.6 2
      vertex 72.9608 48.6 0
    endloop
  endfacet
  facet normal 0.751787 -0.659406 0
    outer loop
      vertex 73.048 48.7305 2
      vertex 73.1515 48.8485 0
      vertex 73.1515 48.8485 2
    endloop
  endfacet
  facet normal 0.751787 -0.659406 0
    outer loop
      vertex 73.1515 48.8485 0
      vertex 73.048 48.7305 2
      vertex 73.048 48.7305 0
    endloop
  endfacet
  facet normal -0.947013 0.321194 0
    outer loop
      vertex 75.1087 47.5408 0
      vertex 75.1591 47.6894 2
      vertex 75.1591 47.6894 0
    endloop
  endfacet
  facet normal -0.947013 0.321194 0
    outer loop
      vertex 75.1591 47.6894 2
      vertex 75.1087 47.5408 0
      vertex 75.1087 47.5408 2
    endloop
  endfacet
  facet normal -0.321194 0.947013 0
    outer loop
      vertex 74.4592 46.8913 0
      vertex 74.3106 46.8409 2
      vertex 74.4592 46.8913 2
    endloop
  endfacet
  facet normal -0.321194 0.947013 0
    outer loop
      vertex 74.3106 46.8409 2
      vertex 74.4592 46.8913 0
      vertex 74.3106 46.8409 0
    endloop
  endfacet
  facet normal -0.947013 -0.321194 0
    outer loop
      vertex 75.1591 48.3106 0
      vertex 75.1087 48.4592 2
      vertex 75.1087 48.4592 0
    endloop
  endfacet
  facet normal -0.947013 -0.321194 0
    outer loop
      vertex 75.1087 48.4592 2
      vertex 75.1591 48.3106 0
      vertex 75.1591 48.3106 2
    endloop
  endfacet
  facet normal -0.751787 -0.659406 0
    outer loop
      vertex 74.952 48.7305 0
      vertex 74.8485 48.8485 2
      vertex 74.8485 48.8485 0
    endloop
  endfacet
  facet normal -0.751787 -0.659406 0
    outer loop
      vertex 74.8485 48.8485 2
      vertex 74.952 48.7305 0
      vertex 74.952 48.7305 2
    endloop
  endfacet
  facet normal 0.0656309 -0.997844 0
    outer loop
      vertex 73.8434 49.1897 0
      vertex 74 49.2 2
      vertex 73.8434 49.1897 2
    endloop
  endfacet
  facet normal 0.0656309 -0.997844 0
    outer loop
      vertex 74 49.2 2
      vertex 73.8434 49.1897 0
      vertex 74 49.2 0
    endloop
  endfacet
  facet normal -0.194891 -0.980825 0
    outer loop
      vertex 74.1566 49.1897 0
      vertex 74.3106 49.1591 2
      vertex 74.1566 49.1897 2
    endloop
  endfacet
  facet normal -0.194891 -0.980825 -0
    outer loop
      vertex 74.3106 49.1591 2
      vertex 74.1566 49.1897 0
      vertex 74.3106 49.1591 0
    endloop
  endfacet
  facet normal -0.555582 -0.831462 0
    outer loop
      vertex 74.6 49.0392 0
      vertex 74.7305 48.952 2
      vertex 74.6 49.0392 2
    endloop
  endfacet
  facet normal -0.555582 -0.831462 -0
    outer loop
      vertex 74.7305 48.952 2
      vertex 74.6 49.0392 0
      vertex 74.7305 48.952 0
    endloop
  endfacet
  facet normal -0.442622 -0.896708 0
    outer loop
      vertex 74.4592 49.1087 0
      vertex 74.6 49.0392 2
      vertex 74.4592 49.1087 2
    endloop
  endfacet
  facet normal -0.442622 -0.896708 -0
    outer loop
      vertex 74.6 49.0392 2
      vertex 74.4592 49.1087 0
      vertex 74.6 49.0392 0
    endloop
  endfacet
  facet normal 0.997844 -0.0656309 0
    outer loop
      vertex 72.8 48 2
      vertex 72.8103 48.1566 0
      vertex 72.8103 48.1566 2
    endloop
  endfacet
  facet normal 0.997844 -0.0656309 0
    outer loop
      vertex 72.8103 48.1566 0
      vertex 72.8 48 2
      vertex 72.8 48 0
    endloop
  endfacet
  facet normal 0.896708 -0.442622 0
    outer loop
      vertex 72.8913 48.4592 2
      vertex 72.9608 48.6 0
      vertex 72.9608 48.6 2
    endloop
  endfacet
  facet normal 0.896708 -0.442622 0
    outer loop
      vertex 72.9608 48.6 0
      vertex 72.8913 48.4592 2
      vertex 72.8913 48.4592 0
    endloop
  endfacet
  facet normal 0.194891 -0.980825 0
    outer loop
      vertex 73.6894 49.1591 0
      vertex 73.8434 49.1897 2
      vertex 73.6894 49.1591 2
    endloop
  endfacet
  facet normal 0.194891 -0.980825 0
    outer loop
      vertex 73.8434 49.1897 2
      vertex 73.6894 49.1591 0
      vertex 73.8434 49.1897 0
    endloop
  endfacet
  facet normal 0.321194 -0.947013 0
    outer loop
      vertex 73.5408 49.1087 0
      vertex 73.6894 49.1591 2
      vertex 73.5408 49.1087 2
    endloop
  endfacet
  facet normal 0.321194 -0.947013 0
    outer loop
      vertex 73.6894 49.1591 2
      vertex 73.5408 49.1087 0
      vertex 73.6894 49.1591 0
    endloop
  endfacet
  facet normal 0.555582 -0.831462 0
    outer loop
      vertex 73.2695 48.952 0
      vertex 73.4 49.0392 2
      vertex 73.2695 48.952 2
    endloop
  endfacet
  facet normal 0.555582 -0.831462 0
    outer loop
      vertex 73.4 49.0392 2
      vertex 73.2695 48.952 0
      vertex 73.4 49.0392 0
    endloop
  endfacet
  facet normal 0.659406 -0.751787 0
    outer loop
      vertex 73.1515 48.8485 0
      vertex 73.2695 48.952 2
      vertex 73.1515 48.8485 2
    endloop
  endfacet
  facet normal 0.659406 -0.751787 0
    outer loop
      vertex 73.2695 48.952 2
      vertex 73.1515 48.8485 0
      vertex 73.2695 48.952 0
    endloop
  endfacet
  facet normal -0.997844 -0.0656309 0
    outer loop
      vertex 75.2 48 0
      vertex 75.1897 48.1566 2
      vertex 75.1897 48.1566 0
    endloop
  endfacet
  facet normal -0.997844 -0.0656309 0
    outer loop
      vertex 75.1897 48.1566 2
      vertex 75.2 48 0
      vertex 75.2 48 2
    endloop
  endfacet
  facet normal -0.896708 0.442622 0
    outer loop
      vertex 75.0392 47.4 0
      vertex 75.1087 47.5408 2
      vertex 75.1087 47.5408 0
    endloop
  endfacet
  facet normal -0.896708 0.442622 0
    outer loop
      vertex 75.1087 47.5408 2
      vertex 75.0392 47.4 0
      vertex 75.0392 47.4 2
    endloop
  endfacet
  facet normal -0.194891 0.980825 0
    outer loop
      vertex 74.3106 46.8409 0
      vertex 74.1566 46.8103 2
      vertex 74.3106 46.8409 2
    endloop
  endfacet
  facet normal -0.194891 0.980825 0
    outer loop
      vertex 74.1566 46.8103 2
      vertex 74.3106 46.8409 0
      vertex 74.1566 46.8103 0
    endloop
  endfacet
  facet normal -0.980825 -0.194891 0
    outer loop
      vertex 75.1897 48.1566 0
      vertex 75.1591 48.3106 2
      vertex 75.1591 48.3106 0
    endloop
  endfacet
  facet normal -0.980825 -0.194891 0
    outer loop
      vertex 75.1591 48.3106 2
      vertex 75.1897 48.1566 0
      vertex 75.1897 48.1566 2
    endloop
  endfacet
  facet normal -0.997844 0.0656309 0
    outer loop
      vertex 75.1897 47.8434 0
      vertex 75.2 48 2
      vertex 75.2 48 0
    endloop
  endfacet
  facet normal -0.997844 0.0656309 0
    outer loop
      vertex 75.2 48 2
      vertex 75.1897 47.8434 0
      vertex 75.1897 47.8434 2
    endloop
  endfacet
  facet normal -0.555582 0.831462 0
    outer loop
      vertex 74.7305 47.048 0
      vertex 74.6 46.9608 2
      vertex 74.7305 47.048 2
    endloop
  endfacet
  facet normal -0.555582 0.831462 0
    outer loop
      vertex 74.6 46.9608 2
      vertex 74.7305 47.048 0
      vertex 74.6 46.9608 0
    endloop
  endfacet
  facet normal -0.751787 0.659406 0
    outer loop
      vertex 74.8485 47.1515 0
      vertex 74.952 47.2695 2
      vertex 74.952 47.2695 0
    endloop
  endfacet
  facet normal -0.751787 0.659406 0
    outer loop
      vertex 74.952 47.2695 2
      vertex 74.8485 47.1515 0
      vertex 74.8485 47.1515 2
    endloop
  endfacet
  facet normal 0.321194 0.947013 -0
    outer loop
      vertex 73.6894 46.8409 0
      vertex 73.5408 46.8913 2
      vertex 73.6894 46.8409 2
    endloop
  endfacet
  facet normal 0.321194 0.947013 0
    outer loop
      vertex 73.5408 46.8913 2
      vertex 73.6894 46.8409 0
      vertex 73.5408 46.8913 0
    endloop
  endfacet
  facet normal 0.980825 0.194891 0
    outer loop
      vertex 72.8409 47.6894 2
      vertex 72.8103 47.8434 0
      vertex 72.8103 47.8434 2
    endloop
  endfacet
  facet normal 0.980825 0.194891 0
    outer loop
      vertex 72.8103 47.8434 0
      vertex 72.8409 47.6894 2
      vertex 72.8409 47.6894 0
    endloop
  endfacet
  facet normal 0.896708 0.442622 0
    outer loop
      vertex 72.9608 47.4 2
      vertex 72.8913 47.5408 0
      vertex 72.8913 47.5408 2
    endloop
  endfacet
  facet normal 0.896708 0.442622 0
    outer loop
      vertex 72.8913 47.5408 0
      vertex 72.9608 47.4 2
      vertex 72.9608 47.4 0
    endloop
  endfacet
  facet normal 0.659406 0.751787 -0
    outer loop
      vertex 73.2695 47.048 0
      vertex 73.1515 47.1515 2
      vertex 73.2695 47.048 2
    endloop
  endfacet
  facet normal 0.659406 0.751787 0
    outer loop
      vertex 73.1515 47.1515 2
      vertex 73.2695 47.048 0
      vertex 73.1515 47.1515 0
    endloop
  endfacet
  facet normal 0.831462 0.555582 0
    outer loop
      vertex 73.048 47.2695 2
      vertex 72.9608 47.4 0
      vertex 72.9608 47.4 2
    endloop
  endfacet
  facet normal 0.831462 0.555582 0
    outer loop
      vertex 72.9608 47.4 0
      vertex 73.048 47.2695 2
      vertex 73.048 47.2695 0
    endloop
  endfacet
  facet normal -0.659406 0.751787 0
    outer loop
      vertex 74.8485 47.1515 0
      vertex 74.7305 47.048 2
      vertex 74.8485 47.1515 2
    endloop
  endfacet
  facet normal -0.659406 0.751787 0
    outer loop
      vertex 74.7305 47.048 2
      vertex 74.8485 47.1515 0
      vertex 74.7305 47.048 0
    endloop
  endfacet
  facet normal -0.831462 0.555582 0
    outer loop
      vertex 74.952 47.2695 0
      vertex 75.0392 47.4 2
      vertex 75.0392 47.4 0
    endloop
  endfacet
  facet normal -0.831462 0.555582 0
    outer loop
      vertex 75.0392 47.4 2
      vertex 74.952 47.2695 0
      vertex 74.952 47.2695 2
    endloop
  endfacet
  facet normal -0.0656309 0.997844 0
    outer loop
      vertex 74.1566 46.8103 0
      vertex 74 46.8 2
      vertex 74.1566 46.8103 2
    endloop
  endfacet
  facet normal -0.0656309 0.997844 0
    outer loop
      vertex 74 46.8 2
      vertex 74.1566 46.8103 0
      vertex 74 46.8 0
    endloop
  endfacet
  facet normal 0.0656309 0.997844 -0
    outer loop
      vertex 74 46.8 0
      vertex 73.8434 46.8103 2
      vertex 74 46.8 2
    endloop
  endfacet
  facet normal 0.0656309 0.997844 0
    outer loop
      vertex 73.8434 46.8103 2
      vertex 74 46.8 0
      vertex 73.8434 46.8103 0
    endloop
  endfacet
  facet normal 0.194891 0.980825 -0
    outer loop
      vertex 73.8434 46.8103 0
      vertex 73.6894 46.8409 2
      vertex 73.8434 46.8103 2
    endloop
  endfacet
  facet normal 0.194891 0.980825 0
    outer loop
      vertex 73.6894 46.8409 2
      vertex 73.8434 46.8103 0
      vertex 73.6894 46.8409 0
    endloop
  endfacet
  facet normal 0.947013 0.321194 0
    outer loop
      vertex 72.8913 47.5408 2
      vertex 72.8409 47.6894 0
      vertex 72.8409 47.6894 2
    endloop
  endfacet
  facet normal 0.947013 0.321194 0
    outer loop
      vertex 72.8409 47.6894 0
      vertex 72.8913 47.5408 2
      vertex 72.8913 47.5408 0
    endloop
  endfacet
  facet normal 0.751787 0.659406 0
    outer loop
      vertex 73.1515 47.1515 2
      vertex 73.048 47.2695 0
      vertex 73.048 47.2695 2
    endloop
  endfacet
  facet normal 0.751787 0.659406 0
    outer loop
      vertex 73.048 47.2695 0
      vertex 73.1515 47.1515 2
      vertex 73.1515 47.1515 0
    endloop
  endfacet
  facet normal 0.555582 0.831462 -0
    outer loop
      vertex 73.4 46.9608 0
      vertex 73.2695 47.048 2
      vertex 73.4 46.9608 2
    endloop
  endfacet
  facet normal 0.555582 0.831462 0
    outer loop
      vertex 73.2695 47.048 2
      vertex 73.4 46.9608 0
      vertex 73.2695 47.048 0
    endloop
  endfacet
  facet normal 0.442622 0.896708 -0
    outer loop
      vertex 73.5408 46.8913 0
      vertex 73.4 46.9608 2
      vertex 73.5408 46.8913 2
    endloop
  endfacet
  facet normal 0.442622 0.896708 0
    outer loop
      vertex 73.4 46.9608 2
      vertex 73.5408 46.8913 0
      vertex 73.4 46.9608 0
    endloop
  endfacet
  facet normal -0.997859 -0.0654026 0
    outer loop
      vertex 0.0256653 2.60842 0
      vertex 0 3 2
      vertex 0 3 0
    endloop
  endfacet
  facet normal -0.997859 -0.0654026 0
    outer loop
      vertex 0 3 2
      vertex 0.0256653 2.60842 0
      vertex 0.0256653 2.60842 2
    endloop
  endfacet
  facet normal 0.997853 0.0654873 0
    outer loop
      vertex 80 51 2
      vertex 79.9743 51.3916 0
      vertex 79.9743 51.3916 2
    endloop
  endfacet
  facet normal 0.997853 0.0654873 0
    outer loop
      vertex 79.9743 51.3916 0
      vertex 80 51 2
      vertex 80 51 0
    endloop
  endfacet
  facet normal 1 -0 0
    outer loop
      vertex 80 3 2
      vertex 80 51 0
      vertex 80 51 2
    endloop
  endfacet
  facet normal 1 0 0
    outer loop
      vertex 80 51 0
      vertex 80 3 2
      vertex 80 3 0
    endloop
  endfacet
  facet normal -1 0 0
    outer loop
      vertex 0 3 0
      vertex 0 51 2
      vertex 0 51 0
    endloop
  endfacet
  facet normal -1 -0 0
    outer loop
      vertex 0 51 2
      vertex 0 3 0
      vertex 0 3 2
    endloop
  endfacet
  facet normal 0 0 -1
    outer loop
      vertex 77.0321 3.7 0
      vertex 80 3 0
      vertex 79.9743 2.60842 0
    endloop
  endfacet
  facet normal 0 0 -1
    outer loop
      vertex 80 3 0
      vertex 77.3 4.7 0
      vertex 80 51 0
    endloop
  endfacet
  facet normal 0 0 -1
    outer loop
      vertex 77.0321 3.7 0
      vertex 79.9743 2.60842 0
      vertex 79.8978 2.22354 0
    endloop
  endfacet
  facet normal 0 0 -1
    outer loop
      vertex 77.3 49.3 0
      vertex 80 51 0
      vertex 77.3 4.7 0
    endloop
  endfacet
  facet normal 0 0 -1
    outer loop
      vertex 76.8867 3.48248 0
      vertex 79.8978 2.22354 0
      vertex 79.7716 1.85195 0
    endloop
  endfacet
  facet normal 0 0 -1
    outer loop
      vertex 77.2829 49.5611 0
      vertex 80 51 0
      vertex 77.3 49.3 0
    endloop
  endfacet
  facet normal 0 0 -1
    outer loop
      vertex 76.8867 3.48248 0
      vertex 79.7716 1.85195 0
      vertex 79.5981 1.5 0
    endloop
  endfacet
  facet normal 0 0 -1
    outer loop
      vertex 77.2318 49.8176 0
      vertex 80 51 0
      vertex 77.2829 49.5611 0
    endloop
  endfacet
  facet normal 0 0 -1
    outer loop
      vertex 76.8867 3.48248 0
      vertex 79.5981 1.5 0
      vertex 79.3801 1.17372 0
    endloop
  endfacet
  facet normal 0 0 -1
    outer loop
      vertex 77.1478 50.0654 0
      vertex 80 51 0
      vertex 77.2318 49.8176 0
    endloop
  endfacet
  facet normal 0 0 -1
    outer loop
      vertex 76.7142 3.28579 0
      vertex 79.3801 1.17372 0
      vertex 79.1213 0.878679 0
    endloop
  endfacet
  facet normal 0 0 -1
    outer loop
      vertex 77.0321 50.3 0
      vertex 80 51 0
      vertex 77.1478 50.0654 0
    endloop
  endfacet
  facet normal 0 0 -1
    outer loop
      vertex 76.7142 3.28579 0
      vertex 79.1213 0.878679 0
      vertex 78.8263 0.61994 0
    endloop
  endfacet
  facet normal -0 0 -1
    outer loop
      vertex 80 51 0
      vertex 77.0321 50.3 0
      vertex 79.9743 51.3916 0
    endloop
  endfacet
  facet normal 0 0 -1
    outer loop
      vertex 76.7142 3.28579 0
      vertex 78.8263 0.61994 0
      vertex 78.5 0.401923 0
    endloop
  endfacet
  facet normal -0 0 -1
    outer loop
      vertex 79.9743 51.3916 0
      vertex 77.0321 50.3 0
      vertex 79.8978 51.7765 0
    endloop
  endfacet
  facet normal 0 0 -1
    outer loop
      vertex 76.5175 3.11329 0
      vertex 78.5 0.401923 0
      vertex 78.148 0.228361 0
    endloop
  endfacet
  facet normal 0 0 -1
    outer loop
      vertex 76.8867 50.5175 0
      vertex 79.8978 51.7765 0
      vertex 77.0321 50.3 0
    endloop
  endfacet
  facet normal 0 0 -1
    outer loop
      vertex 76.5175 3.11329 0
      vertex 78.148 0.228361 0
      vertex 77.7765 0.102222 0
    endloop
  endfacet
  facet normal -0 0 -1
    outer loop
      vertex 79.8978 51.7765 0
      vertex 76.8867 50.5175 0
      vertex 79.7716 52.148 0
    endloop
  endfacet
  facet normal 0 0 -1
    outer loop
      vertex 76.3 2.96795 0
      vertex 77.7765 0.102222 0
      vertex 77.3916 0.0256653 0
    endloop
  endfacet
  facet normal -0 0 -1
    outer loop
      vertex 79.7716 52.148 0
      vertex 76.8867 50.5175 0
      vertex 79.5981 52.5 0
    endloop
  endfacet
  facet normal -0 0 -1
    outer loop
      vertex 79.5981 52.5 0
      vertex 76.8867 50.5175 0
      vertex 79.3801 52.8263 0
    endloop
  endfacet
  facet normal 0 0 -1
    outer loop
      vertex 80 3 0
      vertex 77.2829 4.43895 0
      vertex 77.3 4.7 0
    endloop
  endfacet
  facet normal 0 0 -1
    outer loop
      vertex 80 3 0
      vertex 77.2318 4.18236 0
      vertex 77.2829 4.43895 0
    endloop
  endfacet
  facet normal 0 0 -1
    outer loop
      vertex 80 3 0
      vertex 77.1478 3.93463 0
      vertex 77.2318 4.18236 0
    endloop
  endfacet
  facet normal 0 0 -1
    outer loop
      vertex 80 3 0
      vertex 77.0321 3.7 0
      vertex 77.1478 3.93463 0
    endloop
  endfacet
  facet normal 0 0 -1
    outer loop
      vertex 76.3 2.96795 0
      vertex 77.3916 0.0256653 0
      vertex 77 0 0
    endloop
  endfacet
  facet normal 0 0 -1
    outer loop
      vertex 79.8978 2.22354 0
      vertex 76.8867 3.48248 0
      vertex 77.0321 3.7 0
    endloop
  endfacet
  facet normal 0 0 -1
    outer loop
      vertex 79.3801 1.17372 0
      vertex 76.7142 3.28579 0
      vertex 76.8867 3.48248 0
    endloop
  endfacet
  facet normal 0 0 -1
    outer loop
      vertex 78.5 0.401923 0
      vertex 76.5175 3.11329 0
      vertex 76.7142 3.28579 0
    endloop
  endfacet
  facet normal 0 0 -1
    outer loop
      vertex 77.7765 0.102222 0
      vertex 76.3 2.96795 0
      vertex 76.5175 3.11329 0
    endloop
  endfacet
  facet normal 0 0 -1
    outer loop
      vertex 77 0 0
      vertex 76.0654 2.85224 0
      vertex 76.3 2.96795 0
    endloop
  endfacet
  facet normal 0 0 -1
    outer loop
      vertex 77 0 0
      vertex 75.8176 2.76815 0
      vertex 76.0654 2.85224 0
    endloop
  endfacet
  facet normal 0 0 -1
    outer loop
      vertex 77 0 0
      vertex 75.5611 2.71711 0
      vertex 75.8176 2.76815 0
    endloop
  endfacet
  facet normal 0 0 -1
    outer loop
      vertex 77 0 0
      vertex 75.3 2.7 0
      vertex 75.5611 2.71711 0
    endloop
  endfacet
  facet normal 0 0 -1
    outer loop
      vertex 77 0 0
      vertex 4.7 2.7 0
      vertex 75.3 2.7 0
    endloop
  endfacet
  facet normal 0 0 -1
    outer loop
      vertex 3 0 0
      vertex 4.7 2.7 0
      vertex 77 0 0
    endloop
  endfacet
  facet normal 0 0 -1
    outer loop
      vertex 3 0 0
      vertex 4.43895 2.71711 0
      vertex 4.7 2.7 0
    endloop
  endfacet
  facet normal 0 0 -1
    outer loop
      vertex 3 0 0
      vertex 4.18236 2.76815 0
      vertex 4.43895 2.71711 0
    endloop
  endfacet
  facet normal 0 0 -1
    outer loop
      vertex 3 0 0
      vertex 3.93463 2.85224 0
      vertex 4.18236 2.76815 0
    endloop
  endfacet
  facet normal 0 0 -1
    outer loop
      vertex 3 0 0
      vertex 3.7 2.96795 0
      vertex 3.93463 2.85224 0
    endloop
  endfacet
  facet normal 0 0 -1
    outer loop
      vertex 2.60842 0.0256653 0
      vertex 3.7 2.96795 0
      vertex 3 0 0
    endloop
  endfacet
  facet normal 0 0 -1
    outer loop
      vertex 2.22354 0.102222 0
      vertex 3.7 2.96795 0
      vertex 2.60842 0.0256653 0
    endloop
  endfacet
  facet normal -0 0 -1
    outer loop
      vertex 3.7 2.96795 0
      vertex 2.22354 0.102222 0
      vertex 3.48248 3.11329 0
    endloop
  endfacet
  facet normal 0 0 -1
    outer loop
      vertex 1.85195 0.228361 0
      vertex 3.48248 3.11329 0
      vertex 2.22354 0.102222 0
    endloop
  endfacet
  facet normal 0 0 -1
    outer loop
      vertex 1.5 0.401923 0
      vertex 3.48248 3.11329 0
      vertex 1.85195 0.228361 0
    endloop
  endfacet
  facet normal -0 0 -1
    outer loop
      vertex 3.48248 3.11329 0
      vertex 1.5 0.401923 0
      vertex 3.28579 3.28579 0
    endloop
  endfacet
  facet normal 0 0 -1
    outer loop
      vertex 1.17372 0.61994 0
      vertex 3.28579 3.28579 0
      vertex 1.5 0.401923 0
    endloop
  endfacet
  facet normal 0 0 -1
    outer loop
      vertex 0.878679 0.878679 0
      vertex 3.28579 3.28579 0
      vertex 1.17372 0.61994 0
    endloop
  endfacet
  facet normal -0 0 -1
    outer loop
      vertex 3.28579 3.28579 0
      vertex 0.61994 1.17372 0
      vertex 3.11329 3.48248 0
    endloop
  endfacet
  facet normal 0 0 -1
    outer loop
      vertex 0.61994 1.17372 0
      vertex 3.28579 3.28579 0
      vertex 0.878679 0.878679 0
    endloop
  endfacet
  facet normal 0 0 -1
    outer loop
      vertex 76.7142 50.7142 0
      vertex 79.3801 52.8263 0
      vertex 76.8867 50.5175 0
    endloop
  endfacet
  facet normal -0 0 -1
    outer loop
      vertex 79.3801 52.8263 0
      vertex 76.7142 50.7142 0
      vertex 79.1213 53.1213 0
    endloop
  endfacet
  facet normal -0 0 -1
    outer loop
      vertex 79.1213 53.1213 0
      vertex 76.7142 50.7142 0
      vertex 78.8263 53.3801 0
    endloop
  endfacet
  facet normal -0 0 -1
    outer loop
      vertex 78.8263 53.3801 0
      vertex 76.7142 50.7142 0
      vertex 78.5 53.5981 0
    endloop
  endfacet
  facet normal 0 0 -1
    outer loop
      vertex 76.5175 50.8867 0
      vertex 78.5 53.5981 0
      vertex 76.7142 50.7142 0
    endloop
  endfacet
  facet normal -0 0 -1
    outer loop
      vertex 78.5 53.5981 0
      vertex 76.5175 50.8867 0
      vertex 78.148 53.7716 0
    endloop
  endfacet
  facet normal -0 0 -1
    outer loop
      vertex 78.148 53.7716 0
      vertex 76.5175 50.8867 0
      vertex 77.7765 53.8978 0
    endloop
  endfacet
  facet normal 0 0 -1
    outer loop
      vertex 76.3 51.0321 0
      vertex 77.7765 53.8978 0
      vertex 76.5175 50.8867 0
    endloop
  endfacet
  facet normal -0 0 -1
    outer loop
      vertex 77.7765 53.8978 0
      vertex 76.3 51.0321 0
      vertex 77.3916 53.9743 0
    endloop
  endfacet
  facet normal -0 0 -1
    outer loop
      vertex 77.3916 53.9743 0
      vertex 76.3 51.0321 0
      vertex 77 54 0
    endloop
  endfacet
  facet normal 0 0 -1
    outer loop
      vertex 76.0654 51.1478 0
      vertex 77 54 0
      vertex 76.3 51.0321 0
    endloop
  endfacet
  facet normal 0 0 -1
    outer loop
      vertex 75.8176 51.2318 0
      vertex 77 54 0
      vertex 76.0654 51.1478 0
    endloop
  endfacet
  facet normal 0 0 -1
    outer loop
      vertex 75.5611 51.2829 0
      vertex 77 54 0
      vertex 75.8176 51.2318 0
    endloop
  endfacet
  facet normal 0 0 -1
    outer loop
      vertex 75.3 51.3 0
      vertex 77 54 0
      vertex 75.5611 51.2829 0
    endloop
  endfacet
  facet normal 0 0 -1
    outer loop
      vertex 4.7 51.3 0
      vertex 77 54 0
      vertex 75.3 51.3 0
    endloop
  endfacet
  facet normal 0 0 -1
    outer loop
      vertex 4.7 51.3 0
      vertex 3 54 0
      vertex 77 54 0
    endloop
  endfacet
  facet normal 0 0 -1
    outer loop
      vertex 4.43895 51.2829 0
      vertex 3 54 0
      vertex 4.7 51.3 0
    endloop
  endfacet
  facet normal 0 0 -1
    outer loop
      vertex 4.18236 51.2318 0
      vertex 3 54 0
      vertex 4.43895 51.2829 0
    endloop
  endfacet
  facet normal 0 0 -1
    outer loop
      vertex 3.93463 51.1478 0
      vertex 3 54 0
      vertex 4.18236 51.2318 0
    endloop
  endfacet
  facet normal 0 0 -1
    outer loop
      vertex 3.7 51.0321 0
      vertex 3 54 0
      vertex 3.93463 51.1478 0
    endloop
  endfacet
  facet normal 0 0 -1
    outer loop
      vertex 2.22354 53.8978 0
      vertex 3.7 51.0321 0
      vertex 3.48248 50.8867 0
    endloop
  endfacet
  facet normal 0 0 -1
    outer loop
      vertex 1.5 53.5981 0
      vertex 3.48248 50.8867 0
      vertex 3.28579 50.7142 0
    endloop
  endfacet
  facet normal 0 0 -1
    outer loop
      vertex 0.61994 52.8263 0
      vertex 3.28579 50.7142 0
      vertex 3.11329 50.5175 0
    endloop
  endfacet
  facet normal 0 0 -1
    outer loop
      vertex 0.102222 51.7765 0
      vertex 3.11329 50.5175 0
      vertex 2.96795 50.3 0
    endloop
  endfacet
  facet normal 0 0 -1
    outer loop
      vertex 0 51 0
      vertex 2.96795 50.3 0
      vertex 2.85224 50.0654 0
    endloop
  endfacet
  facet normal 0 0 -1
    outer loop
      vertex 0 51 0
      vertex 2.85224 50.0654 0
      vertex 2.76815 49.8176 0
    endloop
  endfacet
  facet normal 0 0 -1
    outer loop
      vertex 0 51 0
      vertex 2.76815 49.8176 0
      vertex 2.71711 49.5611 0
    endloop
  endfacet
  facet normal 0 0 -1
    outer loop
      vertex 0 51 0
      vertex 2.71711 49.5611 0
      vertex 2.7 49.3 0
    endloop
  endfacet
  facet normal 0 0 -1
    outer loop
      vertex 3.7 51.0321 0
      vertex 2.60842 53.9743 0
      vertex 3 54 0
    endloop
  endfacet
  facet normal -0 0 -1
    outer loop
      vertex 2.7 4.7 0
      vertex 0 3 0
      vertex 2.7 49.3 0
    endloop
  endfacet
  facet normal 0 0 -1
    outer loop
      vertex 0.401923 1.5 0
      vertex 3.11329 3.48248 0
      vertex 0.61994 1.17372 0
    endloop
  endfacet
  facet normal 0 0 -1
    outer loop
      vertex 0 51 0
      vertex 2.7 49.3 0
      vertex 0 3 0
    endloop
  endfacet
  facet normal 0 0 -1
    outer loop
      vertex 0.228361 1.85195 0
      vertex 3.11329 3.48248 0
      vertex 0.401923 1.5 0
    endloop
  endfacet
  facet normal 0 0 -1
    outer loop
      vertex 2.96795 50.3 0
      vertex 0 51 0
      vertex 0.0256653 51.3916 0
    endloop
  endfacet
  facet normal 0 0 -1
    outer loop
      vertex 0.102222 2.22354 0
      vertex 3.11329 3.48248 0
      vertex 0.228361 1.85195 0
    endloop
  endfacet
  facet normal 0 0 -1
    outer loop
      vertex 3.7 51.0321 0
      vertex 2.22354 53.8978 0
      vertex 2.60842 53.9743 0
    endloop
  endfacet
  facet normal -0 0 -1
    outer loop
      vertex 3.11329 3.48248 0
      vertex 0.102222 2.22354 0
      vertex 2.96795 3.7 0
    endloop
  endfacet
  facet normal 0 0 -1
    outer loop
      vertex 3.48248 50.8867 0
      vertex 1.85195 53.7716 0
      vertex 2.22354 53.8978 0
    endloop
  endfacet
  facet normal 0 0 -1
    outer loop
      vertex 0.0256653 2.60842 0
      vertex 2.96795 3.7 0
      vertex 0.102222 2.22354 0
    endloop
  endfacet
  facet normal 0 0 -1
    outer loop
      vertex 3.48248 50.8867 0
      vertex 1.5 53.5981 0
      vertex 1.85195 53.7716 0
    endloop
  endfacet
  facet normal 0 0 -1
    outer loop
      vertex 0 3 0
      vertex 2.96795 3.7 0
      vertex 0.0256653 2.60842 0
    endloop
  endfacet
  facet normal 0 0 -1
    outer loop
      vertex 3.28579 50.7142 0
      vertex 1.17372 53.3801 0
      vertex 1.5 53.5981 0
    endloop
  endfacet
  facet normal -0 0 -1
    outer loop
      vertex 2.96795 3.7 0
      vertex 0 3 0
      vertex 2.85224 3.93463 0
    endloop
  endfacet
  facet normal 0 0 -1
    outer loop
      vertex 3.28579 50.7142 0
      vertex 0.878679 53.1213 0
      vertex 1.17372 53.3801 0
    endloop
  endfacet
  facet normal -0 0 -1
    outer loop
      vertex 2.85224 3.93463 0
      vertex 0 3 0
      vertex 2.76815 4.18236 0
    endloop
  endfacet
  facet normal 0 0 -1
    outer loop
      vertex 3.28579 50.7142 0
      vertex 0.61994 52.8263 0
      vertex 0.878679 53.1213 0
    endloop
  endfacet
  facet normal -0 0 -1
    outer loop
      vertex 2.76815 4.18236 0
      vertex 0 3 0
      vertex 2.71711 4.43895 0
    endloop
  endfacet
  facet normal 0 0 -1
    outer loop
      vertex 3.11329 50.5175 0
      vertex 0.401923 52.5 0
      vertex 0.61994 52.8263 0
    endloop
  endfacet
  facet normal -0 0 -1
    outer loop
      vertex 2.71711 4.43895 0
      vertex 0 3 0
      vertex 2.7 4.7 0
    endloop
  endfacet
  facet normal 0 0 -1
    outer loop
      vertex 3.11329 50.5175 0
      vertex 0.228361 52.148 0
      vertex 0.401923 52.5 0
    endloop
  endfacet
  facet normal 0 0 -1
    outer loop
      vertex 3.11329 50.5175 0
      vertex 0.102222 51.7765 0
      vertex 0.228361 52.148 0
    endloop
  endfacet
  facet normal 0 0 -1
    outer loop
      vertex 2.96795 50.3 0
      vertex 0.0256653 51.3916 0
      vertex 0.102222 51.7765 0
    endloop
  endfacet
  facet normal 0 0 -1
    outer loop
      vertex 7.10865 6.45922 0
      vertex 29 21.5 0
      vertex 7.15911 6.31058 0
    endloop
  endfacet
  facet normal 0 0 -1
    outer loop
      vertex 29 32.8 0
      vertex 7.18973 47.8434 0
      vertex 7.2 48 0
    endloop
  endfacet
  facet normal 0 0 -1
    outer loop
      vertex 7.03923 6.6 0
      vertex 29 21.5 0
      vertex 7.10865 6.45922 0
    endloop
  endfacet
  facet normal 0 0 -1
    outer loop
      vertex 29 32.8 0
      vertex 7.15911 47.6894 0
      vertex 7.18973 47.8434 0
    endloop
  endfacet
  facet normal 0 0 -1
    outer loop
      vertex 6.95202 6.73051 0
      vertex 29 21.5 0
      vertex 7.03923 6.6 0
    endloop
  endfacet
  facet normal 0 0 -1
    outer loop
      vertex 29 32.8 0
      vertex 7.10865 47.5408 0
      vertex 7.15911 47.6894 0
    endloop
  endfacet
  facet normal 0 0 -1
    outer loop
      vertex 6.84853 6.84853 0
      vertex 29 21.5 0
      vertex 6.95202 6.73051 0
    endloop
  endfacet
  facet normal 0 0 -1
    outer loop
      vertex 29 32.8 0
      vertex 7.03923 47.4 0
      vertex 7.10865 47.5408 0
    endloop
  endfacet
  facet normal 0 0 -1
    outer loop
      vertex 6.73051 6.95202 0
      vertex 29 21.5 0
      vertex 6.84853 6.84853 0
    endloop
  endfacet
  facet normal 0 0 -1
    outer loop
      vertex 29 32.8 0
      vertex 6.95202 47.2695 0
      vertex 7.03923 47.4 0
    endloop
  endfacet
  facet normal 0 0 -1
    outer loop
      vertex 6.6 7.03923 0
      vertex 29 21.5 0
      vertex 6.73051 6.95202 0
    endloop
  endfacet
  facet normal 0 0 -1
    outer loop
      vertex 29 32.8 0
      vertex 6.84853 47.1515 0
      vertex 6.95202 47.2695 0
    endloop
  endfacet
  facet normal 0 0 -1
    outer loop
      vertex 6.45922 7.10865 0
      vertex 29 21.5 0
      vertex 6.6 7.03923 0
    endloop
  endfacet
  facet normal 0 0 -1
    outer loop
      vertex 29 32.8 0
      vertex 6.73051 47.048 0
      vertex 6.84853 47.1515 0
    endloop
  endfacet
  facet normal 0 0 -1
    outer loop
      vertex 6.31058 7.15911 0
      vertex 29 21.5 0
      vertex 6.45922 7.10865 0
    endloop
  endfacet
  facet normal 0 0 -1
    outer loop
      vertex 29 32.8 0
      vertex 6.6 46.9608 0
      vertex 6.73051 47.048 0
    endloop
  endfacet
  facet normal 0 0 -1
    outer loop
      vertex 6.15663 7.18973 0
      vertex 29 21.5 0
      vertex 6.31058 7.15911 0
    endloop
  endfacet
  facet normal 0 0 -1
    outer loop
      vertex 29 32.8 0
      vertex 6.45922 46.8913 0
      vertex 6.6 46.9608 0
    endloop
  endfacet
  facet normal -0 0 -1
    outer loop
      vertex 29 21.5 0
      vertex 6.15663 7.18973 0
      vertex 29 32.8 0
    endloop
  endfacet
  facet normal 0 0 -1
    outer loop
      vertex 29 32.8 0
      vertex 6.31058 46.8409 0
      vertex 6.45922 46.8913 0
    endloop
  endfacet
  facet normal 0 0 -1
    outer loop
      vertex 6.15663 46.8103 0
      vertex 29 32.8 0
      vertex 6.15663 7.18973 0
    endloop
  endfacet
  facet normal 0 0 -1
    outer loop
      vertex 29 32.8 0
      vertex 6.15663 46.8103 0
      vertex 6.31058 46.8409 0
    endloop
  endfacet
  facet normal 0 0 -1
    outer loop
      vertex 6 7.2 0
      vertex 6.15663 46.8103 0
      vertex 6.15663 7.18973 0
    endloop
  endfacet
  facet normal 0 0 -1
    outer loop
      vertex 6 7.2 0
      vertex 6 46.8 0
      vertex 6.15663 46.8103 0
    endloop
  endfacet
  facet normal 0 0 -1
    outer loop
      vertex 5.84337 7.18973 0
      vertex 6 46.8 0
      vertex 6 7.2 0
    endloop
  endfacet
  facet normal 0 0 -1
    outer loop
      vertex 5.84337 7.18973 0
      vertex 5.84337 46.8103 0
      vertex 6 46.8 0
    endloop
  endfacet
  facet normal 0 0 -1
    outer loop
      vertex 5.68942 7.15911 0
      vertex 5.84337 46.8103 0
      vertex 5.84337 7.18973 0
    endloop
  endfacet
  facet normal 0 0 -1
    outer loop
      vertex 5.68942 7.15911 0
      vertex 5.68942 46.8409 0
      vertex 5.84337 46.8103 0
    endloop
  endfacet
  facet normal 0 0 -1
    outer loop
      vertex 5.54078 7.10865 0
      vertex 5.68942 46.8409 0
      vertex 5.68942 7.15911 0
    endloop
  endfacet
  facet normal 0 0 -1
    outer loop
      vertex 5.54078 7.10865 0
      vertex 5.54078 46.8913 0
      vertex 5.68942 46.8409 0
    endloop
  endfacet
  facet normal 0 0 -1
    outer loop
      vertex 5.4 7.03923 0
      vertex 5.54078 46.8913 0
      vertex 5.54078 7.10865 0
    endloop
  endfacet
  facet normal 0 0 -1
    outer loop
      vertex 5.4 7.03923 0
      vertex 5.4 46.9608 0
      vertex 5.54078 46.8913 0
    endloop
  endfacet
  facet normal 0 0 -1
    outer loop
      vertex 5.26949 6.95202 0
      vertex 5.4 46.9608 0
      vertex 5.4 7.03923 0
    endloop
  endfacet
  facet normal 0 0 -1
    outer loop
      vertex 5.26949 6.95202 0
      vertex 5.26949 47.048 0
      vertex 5.4 46.9608 0
    endloop
  endfacet
  facet normal 0 0 -1
    outer loop
      vertex 3.9 5.9 0
      vertex 5.26949 6.95202 0
      vertex 5.15147 6.84853 0
    endloop
  endfacet
  facet normal -0 0 -1
    outer loop
      vertex 5.26949 6.95202 0
      vertex 3.9 5.9 0
      vertex 5.26949 47.048 0
    endloop
  endfacet
  facet normal 0 0 -1
    outer loop
      vertex 3.9 5.9 0
      vertex 5.15147 6.84853 0
      vertex 5.04798 6.73051 0
    endloop
  endfacet
  facet normal 0 0 -1
    outer loop
      vertex 3.9 48.1 0
      vertex 5.26949 47.048 0
      vertex 3.9 5.9 0
    endloop
  endfacet
  facet normal 0 0 -1
    outer loop
      vertex 3.9 5.9 0
      vertex 5.04798 6.73051 0
      vertex 4.96077 6.6 0
    endloop
  endfacet
  facet normal 0 0 -1
    outer loop
      vertex 5.26949 47.048 0
      vertex 3.9 48.1 0
      vertex 5.15147 47.1515 0
    endloop
  endfacet
  facet normal 0 0 -1
    outer loop
      vertex 3.9 5.9 0
      vertex 4.96077 6.6 0
      vertex 4.89134 6.45922 0
    endloop
  endfacet
  facet normal 0 0 -1
    outer loop
      vertex 5.15147 47.1515 0
      vertex 3.9 48.1 0
      vertex 5.04798 47.2695 0
    endloop
  endfacet
  facet normal 0 0 -1
    outer loop
      vertex 3.9 5.9 0
      vertex 4.89134 6.45922 0
      vertex 4.84089 6.31058 0
    endloop
  endfacet
  facet normal 0 0 -1
    outer loop
      vertex 5.04798 47.2695 0
      vertex 3.9 48.1 0
      vertex 4.96077 47.4 0
    endloop
  endfacet
  facet normal 0 0 -1
    outer loop
      vertex 3.9 5.9 0
      vertex 4.84089 6.31058 0
      vertex 4.81027 6.15663 0
    endloop
  endfacet
  facet normal 0 0 -1
    outer loop
      vertex 4.96077 47.4 0
      vertex 3.9 48.1 0
      vertex 4.89134 47.5408 0
    endloop
  endfacet
  facet normal 0 0 -1
    outer loop
      vertex 3.9 5.9 0
      vertex 4.81027 6.15663 0
      vertex 4.8 6 0
    endloop
  endfacet
  facet normal 0 0 -1
    outer loop
      vertex 4.89134 47.5408 0
      vertex 3.9 48.1 0
      vertex 4.84089 47.6894 0
    endloop
  endfacet
  facet normal 0 0 -1
    outer loop
      vertex 75.1087 6.45922 0
      vertex 76.1 5.9 0
      vertex 75.1591 6.31058 0
    endloop
  endfacet
  facet normal 0 0 -1
    outer loop
      vertex 76.1 48.1 0
      vertex 75.1897 47.8434 0
      vertex 75.2 48 0
    endloop
  endfacet
  facet normal 0 0 -1
    outer loop
      vertex 75.0392 6.6 0
      vertex 76.1 5.9 0
      vertex 75.1087 6.45922 0
    endloop
  endfacet
  facet normal 0 0 -1
    outer loop
      vertex 76.1 48.1 0
      vertex 75.1591 47.6894 0
      vertex 75.1897 47.8434 0
    endloop
  endfacet
  facet normal 0 0 -1
    outer loop
      vertex 74.952 6.73051 0
      vertex 76.1 5.9 0
      vertex 75.0392 6.6 0
    endloop
  endfacet
  facet normal 0 0 -1
    outer loop
      vertex 76.1 48.1 0
      vertex 75.1087 47.5408 0
      vertex 75.1591 47.6894 0
    endloop
  endfacet
  facet normal 0 0 -1
    outer loop
      vertex 74.8485 6.84853 0
      vertex 76.1 5.9 0
      vertex 74.952 6.73051 0
    endloop
  endfacet
  facet normal 0 0 -1
    outer loop
      vertex 76.1 48.1 0
      vertex 75.0392 47.4 0
      vertex 75.1087 47.5408 0
    endloop
  endfacet
  facet normal 0 0 -1
    outer loop
      vertex 74.7305 6.95202 0
      vertex 76.1 5.9 0
      vertex 74.8485 6.84853 0
    endloop
  endfacet
  facet normal 0 0 -1
    outer loop
      vertex 76.1 48.1 0
      vertex 74.952 47.2695 0
      vertex 75.0392 47.4 0
    endloop
  endfacet
  facet normal 0 0 -1
    outer loop
      vertex 76.1 5.9 0
      vertex 74.7305 6.95202 0
      vertex 76.1 48.1 0
    endloop
  endfacet
  facet normal 0 0 -1
    outer loop
      vertex 76.1 48.1 0
      vertex 74.8485 47.1515 0
      vertex 74.952 47.2695 0
    endloop
  endfacet
  facet normal 0 0 -1
    outer loop
      vertex 74.7305 47.048 0
      vertex 76.1 48.1 0
      vertex 74.7305 6.95202 0
    endloop
  endfacet
  facet normal 0 0 -1
    outer loop
      vertex 76.1 48.1 0
      vertex 74.7305 47.048 0
      vertex 74.8485 47.1515 0
    endloop
  endfacet
  facet normal 0 0 -1
    outer loop
      vertex 74.6 7.03923 0
      vertex 74.7305 47.048 0
      vertex 74.7305 6.95202 0
    endloop
  endfacet
  facet normal 0 0 -1
    outer loop
      vertex 74.6 7.03923 0
      vertex 74.6 46.9608 0
      vertex 74.7305 47.048 0
    endloop
  endfacet
  facet normal 0 0 -1
    outer loop
      vertex 74.4592 7.10865 0
      vertex 74.6 46.9608 0
      vertex 74.6 7.03923 0
    endloop
  endfacet
  facet normal 0 0 -1
    outer loop
      vertex 74.4592 7.10865 0
      vertex 74.4592 46.8913 0
      vertex 74.6 46.9608 0
    endloop
  endfacet
  facet normal 0 0 -1
    outer loop
      vertex 74.3106 7.15911 0
      vertex 74.4592 46.8913 0
      vertex 74.4592 7.10865 0
    endloop
  endfacet
  facet normal 0 0 -1
    outer loop
      vertex 74.3106 7.15911 0
      vertex 74.3106 46.8409 0
      vertex 74.4592 46.8913 0
    endloop
  endfacet
  facet normal 0 0 -1
    outer loop
      vertex 74.1566 7.18973 0
      vertex 74.3106 46.8409 0
      vertex 74.3106 7.15911 0
    endloop
  endfacet
  facet normal 0 0 -1
    outer loop
      vertex 74.1566 7.18973 0
      vertex 74.1566 46.8103 0
      vertex 74.3106 46.8409 0
    endloop
  endfacet
  facet normal 0 0 -1
    outer loop
      vertex 74 7.2 0
      vertex 74.1566 46.8103 0
      vertex 74.1566 7.18973 0
    endloop
  endfacet
  facet normal 0 0 -1
    outer loop
      vertex 74 7.2 0
      vertex 74 46.8 0
      vertex 74.1566 46.8103 0
    endloop
  endfacet
  facet normal 0 0 -1
    outer loop
      vertex 73.8434 7.18973 0
      vertex 74 46.8 0
      vertex 74 7.2 0
    endloop
  endfacet
  facet normal 0 0 -1
    outer loop
      vertex 73.8434 7.18973 0
      vertex 73.8434 46.8103 0
      vertex 74 46.8 0
    endloop
  endfacet
  facet normal 0 0 -1
    outer loop
      vertex 51.3 21.5 0
      vertex 73.8434 7.18973 0
      vertex 73.6894 7.15911 0
    endloop
  endfacet
  facet normal 0 0 -1
    outer loop
      vertex 73.8434 7.18973 0
      vertex 51.3 21.5 0
      vertex 73.8434 46.8103 0
    endloop
  endfacet
  facet normal 0 0 -1
    outer loop
      vertex 51.3 21.5 0
      vertex 73.6894 7.15911 0
      vertex 73.5408 7.10865 0
    endloop
  endfacet
  facet normal 0 0 -1
    outer loop
      vertex 51.3 32.8 0
      vertex 73.8434 46.8103 0
      vertex 51.3 21.5 0
    endloop
  endfacet
  facet normal 0 0 -1
    outer loop
      vertex 51.3 21.5 0
      vertex 73.5408 7.10865 0
      vertex 73.4 7.03923 0
    endloop
  endfacet
  facet normal -0 0 -1
    outer loop
      vertex 73.8434 46.8103 0
      vertex 51.3 32.8 0
      vertex 73.6894 46.8409 0
    endloop
  endfacet
  facet normal 0 0 -1
    outer loop
      vertex 51.3 21.5 0
      vertex 73.4 7.03923 0
      vertex 73.2695 6.95202 0
    endloop
  endfacet
  facet normal -0 0 -1
    outer loop
      vertex 73.6894 46.8409 0
      vertex 51.3 32.8 0
      vertex 73.5408 46.8913 0
    endloop
  endfacet
  facet normal 0 0 -1
    outer loop
      vertex 51.3 21.5 0
      vertex 73.2695 6.95202 0
      vertex 73.1515 6.84853 0
    endloop
  endfacet
  facet normal -0 0 -1
    outer loop
      vertex 73.5408 46.8913 0
      vertex 51.3 32.8 0
      vertex 73.4 46.9608 0
    endloop
  endfacet
  facet normal 0 0 -1
    outer loop
      vertex 51.3 21.5 0
      vertex 73.1515 6.84853 0
      vertex 73.048 6.73051 0
    endloop
  endfacet
  facet normal -0 0 -1
    outer loop
      vertex 73.4 46.9608 0
      vertex 51.3 32.8 0
      vertex 73.2695 47.048 0
    endloop
  endfacet
  facet normal 0 0 -1
    outer loop
      vertex 51.3 21.5 0
      vertex 73.048 6.73051 0
      vertex 72.9608 6.6 0
    endloop
  endfacet
  facet normal -0 0 -1
    outer loop
      vertex 73.2695 47.048 0
      vertex 51.3 32.8 0
      vertex 73.1515 47.1515 0
    endloop
  endfacet
  facet normal 0 0 -1
    outer loop
      vertex 51.3 21.5 0
      vertex 72.9608 6.6 0
      vertex 72.8913 6.45922 0
    endloop
  endfacet
  facet normal -0 0 -1
    outer loop
      vertex 73.1515 47.1515 0
      vertex 51.3 32.8 0
      vertex 73.048 47.2695 0
    endloop
  endfacet
  facet normal 0 0 -1
    outer loop
      vertex 51.3 21.5 0
      vertex 72.8913 6.45922 0
      vertex 72.8409 6.31058 0
    endloop
  endfacet
  facet normal -0 0 -1
    outer loop
      vertex 73.048 47.2695 0
      vertex 51.3 32.8 0
      vertex 72.9608 47.4 0
    endloop
  endfacet
  facet normal 0 0 -1
    outer loop
      vertex 51.3 21.5 0
      vertex 72.8409 6.31058 0
      vertex 72.8103 6.15663 0
    endloop
  endfacet
  facet normal -0 0 -1
    outer loop
      vertex 72.9608 47.4 0
      vertex 51.3 32.8 0
      vertex 72.8913 47.5408 0
    endloop
  endfacet
  facet normal 0 0 -1
    outer loop
      vertex 51.3 21.5 0
      vertex 72.8103 6.15663 0
      vertex 72.8 6 0
    endloop
  endfacet
  facet normal -0 0 -1
    outer loop
      vertex 72.8913 47.5408 0
      vertex 51.3 32.8 0
      vertex 72.8409 47.6894 0
    endloop
  endfacet
  facet normal 0 0 -1
    outer loop
      vertex 75.1897 5.84337 0
      vertex 76.1 5.9 0
      vertex 76.0829 5.63895 0
    endloop
  endfacet
  facet normal 0 0 -1
    outer loop
      vertex 75.1897 6.15663 0
      vertex 76.1 5.9 0
      vertex 75.2 6 0
    endloop
  endfacet
  facet normal 0 0 -1
    outer loop
      vertex 75.1591 5.68942 0
      vertex 76.0829 5.63895 0
      vertex 76.0319 5.38236 0
    endloop
  endfacet
  facet normal 0 0 -1
    outer loop
      vertex 75.1591 6.31058 0
      vertex 76.1 5.9 0
      vertex 75.1897 6.15663 0
    endloop
  endfacet
  facet normal 0 0 -1
    outer loop
      vertex 75.1087 5.54078 0
      vertex 76.0319 5.38236 0
      vertex 75.9478 5.13463 0
    endloop
  endfacet
  facet normal 0 0 -1
    outer loop
      vertex 75.1897 48.1566 0
      vertex 76.1 48.1 0
      vertex 75.2 48 0
    endloop
  endfacet
  facet normal 0 0 -1
    outer loop
      vertex 75.0392 5.4 0
      vertex 75.9478 5.13463 0
      vertex 75.832 4.9 0
    endloop
  endfacet
  facet normal 0 0 -1
    outer loop
      vertex 76.1 48.1 0
      vertex 75.1897 48.1566 0
      vertex 76.0829 48.3611 0
    endloop
  endfacet
  facet normal 0 0 -1
    outer loop
      vertex 74.952 5.26949 0
      vertex 75.832 4.9 0
      vertex 75.6867 4.68248 0
    endloop
  endfacet
  facet normal 0 0 -1
    outer loop
      vertex 75.1591 48.3106 0
      vertex 76.0829 48.3611 0
      vertex 75.1897 48.1566 0
    endloop
  endfacet
  facet normal 0 0 -1
    outer loop
      vertex 74.8485 5.15147 0
      vertex 75.6867 4.68248 0
      vertex 75.5142 4.48579 0
    endloop
  endfacet
  facet normal -0 0 -1
    outer loop
      vertex 76.0829 48.3611 0
      vertex 75.1591 48.3106 0
      vertex 76.0319 48.6176 0
    endloop
  endfacet
  facet normal 0 0 -1
    outer loop
      vertex 74.8485 5.15147 0
      vertex 75.5142 4.48579 0
      vertex 75.3175 4.31329 0
    endloop
  endfacet
  facet normal 0 0 -1
    outer loop
      vertex 75.1087 48.4592 0
      vertex 76.0319 48.6176 0
      vertex 75.1591 48.3106 0
    endloop
  endfacet
  facet normal -0 0 -1
    outer loop
      vertex 76.0319 48.6176 0
      vertex 75.1087 48.4592 0
      vertex 75.9478 48.8654 0
    endloop
  endfacet
  facet normal -0 0 -1
    outer loop
      vertex 76.1 5.9 0
      vertex 75.1897 5.84337 0
      vertex 75.2 6 0
    endloop
  endfacet
  facet normal 0 0 -1
    outer loop
      vertex 76.0829 5.63895 0
      vertex 75.1591 5.68942 0
      vertex 75.1897 5.84337 0
    endloop
  endfacet
  facet normal 0 0 -1
    outer loop
      vertex 76.0319 5.38236 0
      vertex 75.1087 5.54078 0
      vertex 75.1591 5.68942 0
    endloop
  endfacet
  facet normal 0 0 -1
    outer loop
      vertex 74.7305 5.04798 0
      vertex 75.3175 4.31329 0
      vertex 75.1 4.16795 0
    endloop
  endfacet
  facet normal 0 0 -1
    outer loop
      vertex 75.9478 5.13463 0
      vertex 75.0392 5.4 0
      vertex 75.1087 5.54078 0
    endloop
  endfacet
  facet normal 0 0 -1
    outer loop
      vertex 75.832 4.9 0
      vertex 74.952 5.26949 0
      vertex 75.0392 5.4 0
    endloop
  endfacet
  facet normal 0 0 -1
    outer loop
      vertex 74.6 4.96077 0
      vertex 75.1 4.16795 0
      vertex 74.8654 4.05224 0
    endloop
  endfacet
  facet normal 0 0 -1
    outer loop
      vertex 75.6867 4.68248 0
      vertex 74.8485 5.15147 0
      vertex 74.952 5.26949 0
    endloop
  endfacet
  facet normal 0 0 -1
    outer loop
      vertex 75.3175 4.31329 0
      vertex 74.7305 5.04798 0
      vertex 74.8485 5.15147 0
    endloop
  endfacet
  facet normal 0 0 -1
    outer loop
      vertex 74.4592 4.89134 0
      vertex 74.8654 4.05224 0
      vertex 74.6176 3.96815 0
    endloop
  endfacet
  facet normal 0 0 -1
    outer loop
      vertex 75.1 4.16795 0
      vertex 74.6 4.96077 0
      vertex 74.7305 5.04798 0
    endloop
  endfacet
  facet normal 0 0 -1
    outer loop
      vertex 74.8654 4.05224 0
      vertex 74.4592 4.89134 0
      vertex 74.6 4.96077 0
    endloop
  endfacet
  facet normal 0 0 -1
    outer loop
      vertex 74.3106 4.84089 0
      vertex 74.6176 3.96815 0
      vertex 74.3611 3.91711 0
    endloop
  endfacet
  facet normal 0 0 -1
    outer loop
      vertex 74.6176 3.96815 0
      vertex 74.3106 4.84089 0
      vertex 74.4592 4.89134 0
    endloop
  endfacet
  facet normal 0 0 -1
    outer loop
      vertex 74.3611 3.91711 0
      vertex 74.1566 4.81027 0
      vertex 74.3106 4.84089 0
    endloop
  endfacet
  facet normal 0 0 -1
    outer loop
      vertex 74.1 3.9 0
      vertex 74.1566 4.81027 0
      vertex 74.3611 3.91711 0
    endloop
  endfacet
  facet normal 0 0 -1
    outer loop
      vertex 74.1 3.9 0
      vertex 74 4.8 0
      vertex 74.1566 4.81027 0
    endloop
  endfacet
  facet normal 0 0 -1
    outer loop
      vertex 74.1 3.9 0
      vertex 73.8434 4.81027 0
      vertex 74 4.8 0
    endloop
  endfacet
  facet normal 0 0 -1
    outer loop
      vertex 74.1 3.9 0
      vertex 73.6894 4.84089 0
      vertex 73.8434 4.81027 0
    endloop
  endfacet
  facet normal 0 0 -1
    outer loop
      vertex 74.1 3.9 0
      vertex 73.5408 4.89134 0
      vertex 73.6894 4.84089 0
    endloop
  endfacet
  facet normal 0 0 -1
    outer loop
      vertex 74.1 3.9 0
      vertex 73.4 4.96077 0
      vertex 73.5408 4.89134 0
    endloop
  endfacet
  facet normal 0 0 -1
    outer loop
      vertex 74.1 3.9 0
      vertex 73.2695 5.04798 0
      vertex 73.4 4.96077 0
    endloop
  endfacet
  facet normal 0 0 -1
    outer loop
      vertex 74.1 3.9 0
      vertex 73.1515 5.15147 0
      vertex 73.2695 5.04798 0
    endloop
  endfacet
  facet normal 0 0 -1
    outer loop
      vertex 74.1 3.9 0
      vertex 73.048 5.26949 0
      vertex 73.1515 5.15147 0
    endloop
  endfacet
  facet normal -0 0 -1
    outer loop
      vertex 72.8409 47.6894 0
      vertex 51.3 32.8 0
      vertex 72.8103 47.8434 0
    endloop
  endfacet
  facet normal 0 0 -1
    outer loop
      vertex 72.8103 5.84337 0
      vertex 51.3 21.5 0
      vertex 72.8 6 0
    endloop
  endfacet
  facet normal 0 0 -1
    outer loop
      vertex 72.8409 5.68942 0
      vertex 51.3 21.5 0
      vertex 72.8103 5.84337 0
    endloop
  endfacet
  facet normal 0 0 -1
    outer loop
      vertex 72.8913 5.54078 0
      vertex 51.3 21.5 0
      vertex 72.8409 5.68942 0
    endloop
  endfacet
  facet normal 0 0 -1
    outer loop
      vertex 72.9608 5.4 0
      vertex 51.3 21.5 0
      vertex 72.8913 5.54078 0
    endloop
  endfacet
  facet normal 0 0 -1
    outer loop
      vertex 29 21.5 0
      vertex 72.9608 5.4 0
      vertex 73.048 5.26949 0
    endloop
  endfacet
  facet normal 0 0 -1
    outer loop
      vertex 6.95202 5.26949 0
      vertex 73.048 5.26949 0
      vertex 74.1 3.9 0
    endloop
  endfacet
  facet normal 0 0 -1
    outer loop
      vertex 72.9608 5.4 0
      vertex 29 21.5 0
      vertex 51.3 21.5 0
    endloop
  endfacet
  facet normal 0 0 -1
    outer loop
      vertex 7.18973 6.15663 0
      vertex 29 21.5 0
      vertex 7.2 6 0
    endloop
  endfacet
  facet normal 0 0 -1
    outer loop
      vertex 73.048 5.26949 0
      vertex 7.03923 5.4 0
      vertex 29 21.5 0
    endloop
  endfacet
  facet normal 0 0 -1
    outer loop
      vertex 29 21.5 0
      vertex 7.18973 5.84337 0
      vertex 7.2 6 0
    endloop
  endfacet
  facet normal 0 0 -1
    outer loop
      vertex 29 21.5 0
      vertex 7.15911 5.68942 0
      vertex 7.18973 5.84337 0
    endloop
  endfacet
  facet normal 0 0 -1
    outer loop
      vertex 29 21.5 0
      vertex 7.10865 5.54078 0
      vertex 7.15911 5.68942 0
    endloop
  endfacet
  facet normal 0 0 -1
    outer loop
      vertex 29 21.5 0
      vertex 7.03923 5.4 0
      vertex 7.10865 5.54078 0
    endloop
  endfacet
  facet normal 0 0 -1
    outer loop
      vertex 73.048 5.26949 0
      vertex 6.95202 5.26949 0
      vertex 7.03923 5.4 0
    endloop
  endfacet
  facet normal 0 0 -1
    outer loop
      vertex 5.9 3.9 0
      vertex 6.95202 5.26949 0
      vertex 74.1 3.9 0
    endloop
  endfacet
  facet normal 0 0 -1
    outer loop
      vertex 6.95202 5.26949 0
      vertex 5.9 3.9 0
      vertex 6.84853 5.15147 0
    endloop
  endfacet
  facet normal 0 0 -1
    outer loop
      vertex 6.84853 5.15147 0
      vertex 5.9 3.9 0
      vertex 6.73051 5.04798 0
    endloop
  endfacet
  facet normal 0 0 -1
    outer loop
      vertex 6.73051 5.04798 0
      vertex 5.9 3.9 0
      vertex 6.6 4.96077 0
    endloop
  endfacet
  facet normal 0 0 -1
    outer loop
      vertex 6.6 4.96077 0
      vertex 5.9 3.9 0
      vertex 6.45922 4.89134 0
    endloop
  endfacet
  facet normal 0 0 -1
    outer loop
      vertex 6.45922 4.89134 0
      vertex 5.9 3.9 0
      vertex 6.31058 4.84089 0
    endloop
  endfacet
  facet normal 0 0 -1
    outer loop
      vertex 6.31058 4.84089 0
      vertex 5.9 3.9 0
      vertex 6.15663 4.81027 0
    endloop
  endfacet
  facet normal 0 0 -1
    outer loop
      vertex 6.15663 4.81027 0
      vertex 5.9 3.9 0
      vertex 6 4.8 0
    endloop
  endfacet
  facet normal 0 0 -1
    outer loop
      vertex 5.9 3.9 0
      vertex 5.84337 4.81027 0
      vertex 6 4.8 0
    endloop
  endfacet
  facet normal 0 0 -1
    outer loop
      vertex 5.63895 3.91711 0
      vertex 5.84337 4.81027 0
      vertex 5.9 3.9 0
    endloop
  endfacet
  facet normal -0 0 -1
    outer loop
      vertex 5.84337 4.81027 0
      vertex 5.63895 3.91711 0
      vertex 5.68942 4.84089 0
    endloop
  endfacet
  facet normal 0 0 -1
    outer loop
      vertex 5.38236 3.96815 0
      vertex 5.68942 4.84089 0
      vertex 5.63895 3.91711 0
    endloop
  endfacet
  facet normal -0 0 -1
    outer loop
      vertex 5.68942 4.84089 0
      vertex 5.38236 3.96815 0
      vertex 5.54078 4.89134 0
    endloop
  endfacet
  facet normal 0 0 -1
    outer loop
      vertex 5.13463 4.05224 0
      vertex 5.54078 4.89134 0
      vertex 5.38236 3.96815 0
    endloop
  endfacet
  facet normal -0 0 -1
    outer loop
      vertex 5.54078 4.89134 0
      vertex 5.13463 4.05224 0
      vertex 5.4 4.96077 0
    endloop
  endfacet
  facet normal 0 0 -1
    outer loop
      vertex 4.9 4.16795 0
      vertex 5.4 4.96077 0
      vertex 5.13463 4.05224 0
    endloop
  endfacet
  facet normal -0 0 -1
    outer loop
      vertex 5.4 4.96077 0
      vertex 4.9 4.16795 0
      vertex 5.26949 5.04798 0
    endloop
  endfacet
  facet normal 0 0 -1
    outer loop
      vertex 4.68248 4.31329 0
      vertex 5.26949 5.04798 0
      vertex 4.9 4.16795 0
    endloop
  endfacet
  facet normal -0 0 -1
    outer loop
      vertex 5.26949 5.04798 0
      vertex 4.68248 4.31329 0
      vertex 5.15147 5.15147 0
    endloop
  endfacet
  facet normal 0 0 -1
    outer loop
      vertex 4.48579 4.48579 0
      vertex 5.15147 5.15147 0
      vertex 4.68248 4.31329 0
    endloop
  endfacet
  facet normal 0 0 -1
    outer loop
      vertex 4.31329 4.68248 0
      vertex 5.15147 5.15147 0
      vertex 4.48579 4.48579 0
    endloop
  endfacet
  facet normal -0 0 -1
    outer loop
      vertex 5.15147 5.15147 0
      vertex 4.31329 4.68248 0
      vertex 5.04798 5.26949 0
    endloop
  endfacet
  facet normal 0 0 -1
    outer loop
      vertex 4.16795 4.9 0
      vertex 5.04798 5.26949 0
      vertex 4.31329 4.68248 0
    endloop
  endfacet
  facet normal -0 0 -1
    outer loop
      vertex 5.04798 5.26949 0
      vertex 4.16795 4.9 0
      vertex 4.96077 5.4 0
    endloop
  endfacet
  facet normal -0 0 -1
    outer loop
      vertex 4.96077 5.4 0
      vertex 4.05224 5.13463 0
      vertex 4.89134 5.54078 0
    endloop
  endfacet
  facet normal 0 0 -1
    outer loop
      vertex 4.05224 5.13463 0
      vertex 4.96077 5.4 0
      vertex 4.16795 4.9 0
    endloop
  endfacet
  facet normal 0 0 -1
    outer loop
      vertex 75.0392 48.6 0
      vertex 75.9478 48.8654 0
      vertex 75.1087 48.4592 0
    endloop
  endfacet
  facet normal -0 0 -1
    outer loop
      vertex 75.9478 48.8654 0
      vertex 75.0392 48.6 0
      vertex 75.832 49.1 0
    endloop
  endfacet
  facet normal 0 0 -1
    outer loop
      vertex 74.952 48.7305 0
      vertex 75.832 49.1 0
      vertex 75.0392 48.6 0
    endloop
  endfacet
  facet normal -0 0 -1
    outer loop
      vertex 75.832 49.1 0
      vertex 74.952 48.7305 0
      vertex 75.6867 49.3175 0
    endloop
  endfacet
  facet normal 0 0 -1
    outer loop
      vertex 74.8485 48.8485 0
      vertex 75.6867 49.3175 0
      vertex 74.952 48.7305 0
    endloop
  endfacet
  facet normal -0 0 -1
    outer loop
      vertex 75.6867 49.3175 0
      vertex 74.8485 48.8485 0
      vertex 75.5142 49.5142 0
    endloop
  endfacet
  facet normal -0 0 -1
    outer loop
      vertex 75.5142 49.5142 0
      vertex 74.8485 48.8485 0
      vertex 75.3175 49.6867 0
    endloop
  endfacet
  facet normal 0 0 -1
    outer loop
      vertex 74.7305 48.952 0
      vertex 75.3175 49.6867 0
      vertex 74.8485 48.8485 0
    endloop
  endfacet
  facet normal -0 0 -1
    outer loop
      vertex 75.3175 49.6867 0
      vertex 74.7305 48.952 0
      vertex 75.1 49.8321 0
    endloop
  endfacet
  facet normal 0 0 -1
    outer loop
      vertex 74.6 49.0392 0
      vertex 75.1 49.8321 0
      vertex 74.7305 48.952 0
    endloop
  endfacet
  facet normal -0 0 -1
    outer loop
      vertex 75.1 49.8321 0
      vertex 74.6 49.0392 0
      vertex 74.8654 49.9478 0
    endloop
  endfacet
  facet normal 0 0 -1
    outer loop
      vertex 74.4592 49.1087 0
      vertex 74.8654 49.9478 0
      vertex 74.6 49.0392 0
    endloop
  endfacet
  facet normal -0 0 -1
    outer loop
      vertex 74.8654 49.9478 0
      vertex 74.4592 49.1087 0
      vertex 74.6176 50.0319 0
    endloop
  endfacet
  facet normal 0 0 -1
    outer loop
      vertex 74.3106 49.1591 0
      vertex 74.6176 50.0319 0
      vertex 74.4592 49.1087 0
    endloop
  endfacet
  facet normal -0 0 -1
    outer loop
      vertex 74.6176 50.0319 0
      vertex 74.3106 49.1591 0
      vertex 74.3611 50.0829 0
    endloop
  endfacet
  facet normal 0 0 -1
    outer loop
      vertex 74.1566 49.1897 0
      vertex 74.3611 50.0829 0
      vertex 74.3106 49.1591 0
    endloop
  endfacet
  facet normal 0 0 -1
    outer loop
      vertex 74.1566 49.1897 0
      vertex 74.1 50.1 0
      vertex 74.3611 50.0829 0
    endloop
  endfacet
  facet normal 0 0 -1
    outer loop
      vertex 74 49.2 0
      vertex 74.1 50.1 0
      vertex 74.1566 49.1897 0
    endloop
  endfacet
  facet normal 0 0 -1
    outer loop
      vertex 73.8434 49.1897 0
      vertex 74.1 50.1 0
      vertex 74 49.2 0
    endloop
  endfacet
  facet normal 0 0 -1
    outer loop
      vertex 73.6894 49.1591 0
      vertex 74.1 50.1 0
      vertex 73.8434 49.1897 0
    endloop
  endfacet
  facet normal 0 0 -1
    outer loop
      vertex 73.5408 49.1087 0
      vertex 74.1 50.1 0
      vertex 73.6894 49.1591 0
    endloop
  endfacet
  facet normal 0 0 -1
    outer loop
      vertex 73.4 49.0392 0
      vertex 74.1 50.1 0
      vertex 73.5408 49.1087 0
    endloop
  endfacet
  facet normal 0 0 -1
    outer loop
      vertex 73.2695 48.952 0
      vertex 74.1 50.1 0
      vertex 73.4 49.0392 0
    endloop
  endfacet
  facet normal 0 0 -1
    outer loop
      vertex 73.1515 48.8485 0
      vertex 74.1 50.1 0
      vertex 73.2695 48.952 0
    endloop
  endfacet
  facet normal 0 0 -1
    outer loop
      vertex 73.048 48.7305 0
      vertex 74.1 50.1 0
      vertex 73.1515 48.8485 0
    endloop
  endfacet
  facet normal -0 0 -1
    outer loop
      vertex 72.8103 47.8434 0
      vertex 51.3 32.8 0
      vertex 72.8 48 0
    endloop
  endfacet
  facet normal -0 0 -1
    outer loop
      vertex 72.8 48 0
      vertex 51.3 32.8 0
      vertex 72.8103 48.1566 0
    endloop
  endfacet
  facet normal -0 0 -1
    outer loop
      vertex 72.8103 48.1566 0
      vertex 51.3 32.8 0
      vertex 72.8409 48.3106 0
    endloop
  endfacet
  facet normal -0 0 -1
    outer loop
      vertex 72.8409 48.3106 0
      vertex 51.3 32.8 0
      vertex 72.8913 48.4592 0
    endloop
  endfacet
  facet normal -0 0 -1
    outer loop
      vertex 72.8913 48.4592 0
      vertex 51.3 32.8 0
      vertex 72.9608 48.6 0
    endloop
  endfacet
  facet normal -0 0 -1
    outer loop
      vertex 72.9608 48.6 0
      vertex 51.3 32.8 0
      vertex 73.048 48.7305 0
    endloop
  endfacet
  facet normal 0 0 -1
    outer loop
      vertex 29 32.8 0
      vertex 73.048 48.7305 0
      vertex 51.3 32.8 0
    endloop
  endfacet
  facet normal 0 0 -1
    outer loop
      vertex 6.95202 48.7305 0
      vertex 73.048 48.7305 0
      vertex 29 32.8 0
    endloop
  endfacet
  facet normal 0 0 -1
    outer loop
      vertex 7.15911 6.31058 0
      vertex 29 21.5 0
      vertex 7.18973 6.15663 0
    endloop
  endfacet
  facet normal 0 0 -1
    outer loop
      vertex 7.18973 48.1566 0
      vertex 29 32.8 0
      vertex 7.2 48 0
    endloop
  endfacet
  facet normal 0 0 -1
    outer loop
      vertex 7.15911 48.3106 0
      vertex 29 32.8 0
      vertex 7.18973 48.1566 0
    endloop
  endfacet
  facet normal 0 0 -1
    outer loop
      vertex 7.10865 48.4592 0
      vertex 29 32.8 0
      vertex 7.15911 48.3106 0
    endloop
  endfacet
  facet normal 0 0 -1
    outer loop
      vertex 7.03923 48.6 0
      vertex 29 32.8 0
      vertex 7.10865 48.4592 0
    endloop
  endfacet
  facet normal 0 0 -1
    outer loop
      vertex 6.95202 48.7305 0
      vertex 29 32.8 0
      vertex 7.03923 48.6 0
    endloop
  endfacet
  facet normal 0 0 -1
    outer loop
      vertex 73.048 48.7305 0
      vertex 6.95202 48.7305 0
      vertex 74.1 50.1 0
    endloop
  endfacet
  facet normal 0 0 -1
    outer loop
      vertex 5.9 50.1 0
      vertex 6.95202 48.7305 0
      vertex 6.84853 48.8485 0
    endloop
  endfacet
  facet normal 0 0 -1
    outer loop
      vertex 5.9 50.1 0
      vertex 6.84853 48.8485 0
      vertex 6.73051 48.952 0
    endloop
  endfacet
  facet normal 0 0 -1
    outer loop
      vertex 5.9 50.1 0
      vertex 6.73051 48.952 0
      vertex 6.6 49.0392 0
    endloop
  endfacet
  facet normal 0 0 -1
    outer loop
      vertex 5.9 50.1 0
      vertex 6.6 49.0392 0
      vertex 6.45922 49.1087 0
    endloop
  endfacet
  facet normal 0 0 -1
    outer loop
      vertex 5.9 50.1 0
      vertex 6.45922 49.1087 0
      vertex 6.31058 49.1591 0
    endloop
  endfacet
  facet normal 0 0 -1
    outer loop
      vertex 5.9 50.1 0
      vertex 6.31058 49.1591 0
      vertex 6.15663 49.1897 0
    endloop
  endfacet
  facet normal 0 0 -1
    outer loop
      vertex 5.9 50.1 0
      vertex 6.15663 49.1897 0
      vertex 6 49.2 0
    endloop
  endfacet
  facet normal 0 0 -1
    outer loop
      vertex 6.95202 48.7305 0
      vertex 5.9 50.1 0
      vertex 74.1 50.1 0
    endloop
  endfacet
  facet normal 0 0 -1
    outer loop
      vertex 5.84337 49.1897 0
      vertex 5.9 50.1 0
      vertex 6 49.2 0
    endloop
  endfacet
  facet normal 0 0 -1
    outer loop
      vertex 5.63895 50.0829 0
      vertex 5.84337 49.1897 0
      vertex 5.68942 49.1591 0
    endloop
  endfacet
  facet normal 0 0 -1
    outer loop
      vertex 5.84337 49.1897 0
      vertex 5.63895 50.0829 0
      vertex 5.9 50.1 0
    endloop
  endfacet
  facet normal 0 0 -1
    outer loop
      vertex 5.38236 50.0319 0
      vertex 5.68942 49.1591 0
      vertex 5.54078 49.1087 0
    endloop
  endfacet
  facet normal 0 0 -1
    outer loop
      vertex 5.13463 49.9478 0
      vertex 5.54078 49.1087 0
      vertex 5.4 49.0392 0
    endloop
  endfacet
  facet normal 0 0 -1
    outer loop
      vertex 5.68942 49.1591 0
      vertex 5.38236 50.0319 0
      vertex 5.63895 50.0829 0
    endloop
  endfacet
  facet normal 0 0 -1
    outer loop
      vertex 4.9 49.8321 0
      vertex 5.4 49.0392 0
      vertex 5.26949 48.952 0
    endloop
  endfacet
  facet normal 0 0 -1
    outer loop
      vertex 4.68248 49.6867 0
      vertex 5.26949 48.952 0
      vertex 5.15147 48.8485 0
    endloop
  endfacet
  facet normal 0 0 -1
    outer loop
      vertex 5.54078 49.1087 0
      vertex 5.13463 49.9478 0
      vertex 5.38236 50.0319 0
    endloop
  endfacet
  facet normal 0 0 -1
    outer loop
      vertex 4.31329 49.3175 0
      vertex 5.15147 48.8485 0
      vertex 5.04798 48.7305 0
    endloop
  endfacet
  facet normal 0 0 -1
    outer loop
      vertex 4.16795 49.1 0
      vertex 5.04798 48.7305 0
      vertex 4.96077 48.6 0
    endloop
  endfacet
  facet normal 0 0 -1
    outer loop
      vertex 5.4 49.0392 0
      vertex 4.9 49.8321 0
      vertex 5.13463 49.9478 0
    endloop
  endfacet
  facet normal 0 0 -1
    outer loop
      vertex 4.05224 48.8654 0
      vertex 4.96077 48.6 0
      vertex 4.89134 48.4592 0
    endloop
  endfacet
  facet normal 0 0 -1
    outer loop
      vertex 3.96815 48.6176 0
      vertex 4.89134 48.4592 0
      vertex 4.84089 48.3106 0
    endloop
  endfacet
  facet normal 0 0 -1
    outer loop
      vertex 3.91711 48.3611 0
      vertex 4.84089 48.3106 0
      vertex 4.81027 48.1566 0
    endloop
  endfacet
  facet normal 0 0 -1
    outer loop
      vertex 3.9 48.1 0
      vertex 4.81027 48.1566 0
      vertex 4.8 48 0
    endloop
  endfacet
  facet normal 0 0 -1
    outer loop
      vertex 5.26949 48.952 0
      vertex 4.68248 49.6867 0
      vertex 4.9 49.8321 0
    endloop
  endfacet
  facet normal 0 0 -1
    outer loop
      vertex 4.84089 47.6894 0
      vertex 3.9 48.1 0
      vertex 4.81027 47.8434 0
    endloop
  endfacet
  facet normal 0 0 -1
    outer loop
      vertex 3.96815 5.38236 0
      vertex 4.89134 5.54078 0
      vertex 4.05224 5.13463 0
    endloop
  endfacet
  facet normal 0 0 -1
    outer loop
      vertex 4.81027 47.8434 0
      vertex 3.9 48.1 0
      vertex 4.8 48 0
    endloop
  endfacet
  facet normal -0 0 -1
    outer loop
      vertex 4.89134 5.54078 0
      vertex 3.96815 5.38236 0
      vertex 4.84089 5.68942 0
    endloop
  endfacet
  facet normal -0 0 -1
    outer loop
      vertex 4.81027 48.1566 0
      vertex 3.9 48.1 0
      vertex 3.91711 48.3611 0
    endloop
  endfacet
  facet normal 0 0 -1
    outer loop
      vertex 3.91711 5.63895 0
      vertex 4.84089 5.68942 0
      vertex 3.96815 5.38236 0
    endloop
  endfacet
  facet normal 0 0 -1
    outer loop
      vertex 5.15147 48.8485 0
      vertex 4.48579 49.5142 0
      vertex 4.68248 49.6867 0
    endloop
  endfacet
  facet normal -0 0 -1
    outer loop
      vertex 4.84089 5.68942 0
      vertex 3.91711 5.63895 0
      vertex 4.81027 5.84337 0
    endloop
  endfacet
  facet normal 0 0 -1
    outer loop
      vertex 5.15147 48.8485 0
      vertex 4.31329 49.3175 0
      vertex 4.48579 49.5142 0
    endloop
  endfacet
  facet normal 0 0 -1
    outer loop
      vertex 3.9 5.9 0
      vertex 4.81027 5.84337 0
      vertex 3.91711 5.63895 0
    endloop
  endfacet
  facet normal 0 0 -1
    outer loop
      vertex 5.04798 48.7305 0
      vertex 4.16795 49.1 0
      vertex 4.31329 49.3175 0
    endloop
  endfacet
  facet normal 0 0 -1
    outer loop
      vertex 4.81027 5.84337 0
      vertex 3.9 5.9 0
      vertex 4.8 6 0
    endloop
  endfacet
  facet normal 0 0 -1
    outer loop
      vertex 4.96077 48.6 0
      vertex 4.05224 48.8654 0
      vertex 4.16795 49.1 0
    endloop
  endfacet
  facet normal 0 0 -1
    outer loop
      vertex 4.89134 48.4592 0
      vertex 3.96815 48.6176 0
      vertex 4.05224 48.8654 0
    endloop
  endfacet
  facet normal 0 0 -1
    outer loop
      vertex 4.84089 48.3106 0
      vertex 3.91711 48.3611 0
      vertex 3.96815 48.6176 0
    endloop
  endfacet
  facet normal -0 0 1
    outer loop
      vertex 7.10865 47.5408 2
      vertex 29 32.8 2
      vertex 7.15911 47.6894 2
    endloop
  endfacet
  facet normal 0 0 1
    outer loop
      vertex 29 21.5 2
      vertex 7.18973 6.15663 2
      vertex 7.2 6 2
    endloop
  endfacet
  facet normal -0 0 1
    outer loop
      vertex 7.03923 47.4 2
      vertex 29 32.8 2
      vertex 7.10865 47.5408 2
    endloop
  endfacet
  facet normal 0 0 1
    outer loop
      vertex 29 21.5 2
      vertex 7.15911 6.31058 2
      vertex 7.18973 6.15663 2
    endloop
  endfacet
  facet normal -0 0 1
    outer loop
      vertex 6.95202 47.2695 2
      vertex 29 32.8 2
      vertex 7.03923 47.4 2
    endloop
  endfacet
  facet normal 0 0 1
    outer loop
      vertex 29 21.5 2
      vertex 7.10865 6.45922 2
      vertex 7.15911 6.31058 2
    endloop
  endfacet
  facet normal -0 0 1
    outer loop
      vertex 6.84853 47.1515 2
      vertex 29 32.8 2
      vertex 6.95202 47.2695 2
    endloop
  endfacet
  facet normal 0 0 1
    outer loop
      vertex 29 21.5 2
      vertex 7.03923 6.6 2
      vertex 7.10865 6.45922 2
    endloop
  endfacet
  facet normal -0 0 1
    outer loop
      vertex 6.73051 47.048 2
      vertex 29 32.8 2
      vertex 6.84853 47.1515 2
    endloop
  endfacet
  facet normal 0 0 1
    outer loop
      vertex 29 21.5 2
      vertex 6.95202 6.73051 2
      vertex 7.03923 6.6 2
    endloop
  endfacet
  facet normal -0 0 1
    outer loop
      vertex 6.6 46.9608 2
      vertex 29 32.8 2
      vertex 6.73051 47.048 2
    endloop
  endfacet
  facet normal 0 0 1
    outer loop
      vertex 29 21.5 2
      vertex 6.84853 6.84853 2
      vertex 6.95202 6.73051 2
    endloop
  endfacet
  facet normal -0 0 1
    outer loop
      vertex 6.45922 46.8913 2
      vertex 29 32.8 2
      vertex 6.6 46.9608 2
    endloop
  endfacet
  facet normal 0 0 1
    outer loop
      vertex 29 21.5 2
      vertex 6.73051 6.95202 2
      vertex 6.84853 6.84853 2
    endloop
  endfacet
  facet normal -0 0 1
    outer loop
      vertex 6.31058 46.8409 2
      vertex 29 32.8 2
      vertex 6.45922 46.8913 2
    endloop
  endfacet
  facet normal 0 0 1
    outer loop
      vertex 29 21.5 2
      vertex 6.6 7.03923 2
      vertex 6.73051 6.95202 2
    endloop
  endfacet
  facet normal -0 0 1
    outer loop
      vertex 6.15663 46.8103 2
      vertex 29 32.8 2
      vertex 6.31058 46.8409 2
    endloop
  endfacet
  facet normal 0 0 1
    outer loop
      vertex 29 21.5 2
      vertex 6.45922 7.10865 2
      vertex 6.6 7.03923 2
    endloop
  endfacet
  facet normal 0 0 1
    outer loop
      vertex 29 32.8 2
      vertex 6.15663 46.8103 2
      vertex 29 21.5 2
    endloop
  endfacet
  facet normal 0 0 1
    outer loop
      vertex 29 21.5 2
      vertex 6.31058 7.15911 2
      vertex 6.45922 7.10865 2
    endloop
  endfacet
  facet normal 0 0 1
    outer loop
      vertex 6.15663 7.18973 2
      vertex 29 21.5 2
      vertex 6.15663 46.8103 2
    endloop
  endfacet
  facet normal 0 0 1
    outer loop
      vertex 29 21.5 2
      vertex 6.15663 7.18973 2
      vertex 6.31058 7.15911 2
    endloop
  endfacet
  facet normal -0 0 1
    outer loop
      vertex 6 46.8 2
      vertex 6.15663 7.18973 2
      vertex 6.15663 46.8103 2
    endloop
  endfacet
  facet normal 0 0 1
    outer loop
      vertex 6 46.8 2
      vertex 6 7.2 2
      vertex 6.15663 7.18973 2
    endloop
  endfacet
  facet normal 0 0 1
    outer loop
      vertex 5.84337 46.8103 2
      vertex 6 7.2 2
      vertex 6 46.8 2
    endloop
  endfacet
  facet normal 0 0 1
    outer loop
      vertex 5.84337 46.8103 2
      vertex 5.84337 7.18973 2
      vertex 6 7.2 2
    endloop
  endfacet
  facet normal 0 0 1
    outer loop
      vertex 5.68942 46.8409 2
      vertex 5.84337 7.18973 2
      vertex 5.84337 46.8103 2
    endloop
  endfacet
  facet normal 0 0 1
    outer loop
      vertex 5.68942 46.8409 2
      vertex 5.68942 7.15911 2
      vertex 5.84337 7.18973 2
    endloop
  endfacet
  facet normal 0 0 1
    outer loop
      vertex 5.54078 46.8913 2
      vertex 5.68942 7.15911 2
      vertex 5.68942 46.8409 2
    endloop
  endfacet
  facet normal 0 0 1
    outer loop
      vertex 5.54078 46.8913 2
      vertex 5.54078 7.10865 2
      vertex 5.68942 7.15911 2
    endloop
  endfacet
  facet normal 0 0 1
    outer loop
      vertex 5.4 46.9608 2
      vertex 5.54078 7.10865 2
      vertex 5.54078 46.8913 2
    endloop
  endfacet
  facet normal 0 0 1
    outer loop
      vertex 5.4 46.9608 2
      vertex 5.4 7.03923 2
      vertex 5.54078 7.10865 2
    endloop
  endfacet
  facet normal 0 0 1
    outer loop
      vertex 5.26949 47.048 2
      vertex 5.4 7.03923 2
      vertex 5.4 46.9608 2
    endloop
  endfacet
  facet normal 0 0 1
    outer loop
      vertex 5.26949 47.048 2
      vertex 5.26949 6.95202 2
      vertex 5.4 7.03923 2
    endloop
  endfacet
  facet normal 0 0 1
    outer loop
      vertex 5.15147 47.1515 2
      vertex 5.26949 6.95202 2
      vertex 5.26949 47.048 2
    endloop
  endfacet
  facet normal 0 0 1
    outer loop
      vertex 5.15147 47.1515 2
      vertex 5.15147 6.84853 2
      vertex 5.26949 6.95202 2
    endloop
  endfacet
  facet normal 0 0 1
    outer loop
      vertex 0 51 2
      vertex 5.15147 47.1515 2
      vertex 5.04798 47.2695 2
    endloop
  endfacet
  facet normal 0 0 1
    outer loop
      vertex 5.15147 47.1515 2
      vertex 0 51 2
      vertex 5.15147 6.84853 2
    endloop
  endfacet
  facet normal 0 0 1
    outer loop
      vertex 0 51 2
      vertex 5.04798 47.2695 2
      vertex 4.96077 47.4 2
    endloop
  endfacet
  facet normal 0 0 1
    outer loop
      vertex 0 3 2
      vertex 5.15147 6.84853 2
      vertex 0 51 2
    endloop
  endfacet
  facet normal 0 0 1
    outer loop
      vertex 0 51 2
      vertex 4.96077 47.4 2
      vertex 4.89134 47.5408 2
    endloop
  endfacet
  facet normal 0 0 1
    outer loop
      vertex 5.15147 6.84853 2
      vertex 0 3 2
      vertex 5.04798 6.73051 2
    endloop
  endfacet
  facet normal 0 0 1
    outer loop
      vertex 0 51 2
      vertex 4.89134 47.5408 2
      vertex 4.84089 47.6894 2
    endloop
  endfacet
  facet normal 0 0 1
    outer loop
      vertex 5.04798 6.73051 2
      vertex 0 3 2
      vertex 4.96077 6.6 2
    endloop
  endfacet
  facet normal 0 0 1
    outer loop
      vertex 0 51 2
      vertex 4.84089 47.6894 2
      vertex 4.81027 47.8434 2
    endloop
  endfacet
  facet normal 0 0 1
    outer loop
      vertex 4.96077 6.6 2
      vertex 0 3 2
      vertex 4.89134 6.45922 2
    endloop
  endfacet
  facet normal 0 0 1
    outer loop
      vertex 0 51 2
      vertex 4.81027 47.8434 2
      vertex 4.8 48 2
    endloop
  endfacet
  facet normal 0 0 1
    outer loop
      vertex 4.89134 6.45922 2
      vertex 0 3 2
      vertex 4.84089 6.31058 2
    endloop
  endfacet
  facet normal 0 0 1
    outer loop
      vertex 75.1087 47.5408 2
      vertex 80 51 2
      vertex 75.1591 47.6894 2
    endloop
  endfacet
  facet normal 0 0 1
    outer loop
      vertex 80 3 2
      vertex 75.1897 6.15663 2
      vertex 75.2 6 2
    endloop
  endfacet
  facet normal 0 0 1
    outer loop
      vertex 75.0392 47.4 2
      vertex 80 51 2
      vertex 75.1087 47.5408 2
    endloop
  endfacet
  facet normal 0 0 1
    outer loop
      vertex 80 3 2
      vertex 75.1591 6.31058 2
      vertex 75.1897 6.15663 2
    endloop
  endfacet
  facet normal 0 0 1
    outer loop
      vertex 74.952 47.2695 2
      vertex 80 51 2
      vertex 75.0392 47.4 2
    endloop
  endfacet
  facet normal 0 0 1
    outer loop
      vertex 80 3 2
      vertex 75.1087 6.45922 2
      vertex 75.1591 6.31058 2
    endloop
  endfacet
  facet normal 0 0 1
    outer loop
      vertex 74.8485 47.1515 2
      vertex 80 51 2
      vertex 74.952 47.2695 2
    endloop
  endfacet
  facet normal 0 0 1
    outer loop
      vertex 80 3 2
      vertex 75.0392 6.6 2
      vertex 75.1087 6.45922 2
    endloop
  endfacet
  facet normal 0 0 1
    outer loop
      vertex 80 51 2
      vertex 74.8485 47.1515 2
      vertex 80 3 2
    endloop
  endfacet
  facet normal 0 0 1
    outer loop
      vertex 80 3 2
      vertex 74.952 6.73051 2
      vertex 75.0392 6.6 2
    endloop
  endfacet
  facet normal -0 0 1
    outer loop
      vertex 74.8485 6.84853 2
      vertex 80 3 2
      vertex 74.8485 47.1515 2
    endloop
  endfacet
  facet normal 0 0 1
    outer loop
      vertex 80 3 2
      vertex 74.8485 6.84853 2
      vertex 74.952 6.73051 2
    endloop
  endfacet
  facet normal -0 0 1
    outer loop
      vertex 74.7305 47.048 2
      vertex 74.8485 6.84853 2
      vertex 74.8485 47.1515 2
    endloop
  endfacet
  facet normal 0 0 1
    outer loop
      vertex 74.7305 47.048 2
      vertex 74.7305 6.95202 2
      vertex 74.8485 6.84853 2
    endloop
  endfacet
  facet normal -0 0 1
    outer loop
      vertex 74.6 46.9608 2
      vertex 74.7305 6.95202 2
      vertex 74.7305 47.048 2
    endloop
  endfacet
  facet normal 0 0 1
    outer loop
      vertex 74.6 46.9608 2
      vertex 74.6 7.03923 2
      vertex 74.7305 6.95202 2
    endloop
  endfacet
  facet normal -0 0 1
    outer loop
      vertex 74.4592 46.8913 2
      vertex 74.6 7.03923 2
      vertex 74.6 46.9608 2
    endloop
  endfacet
  facet normal 0 0 1
    outer loop
      vertex 74.4592 46.8913 2
      vertex 74.4592 7.10865 2
      vertex 74.6 7.03923 2
    endloop
  endfacet
  facet normal -0 0 1
    outer loop
      vertex 74.3106 46.8409 2
      vertex 74.4592 7.10865 2
      vertex 74.4592 46.8913 2
    endloop
  endfacet
  facet normal 0 0 1
    outer loop
      vertex 74.3106 46.8409 2
      vertex 74.3106 7.15911 2
      vertex 74.4592 7.10865 2
    endloop
  endfacet
  facet normal -0 0 1
    outer loop
      vertex 74.1566 46.8103 2
      vertex 74.3106 7.15911 2
      vertex 74.3106 46.8409 2
    endloop
  endfacet
  facet normal 0 0 1
    outer loop
      vertex 74.1566 46.8103 2
      vertex 74.1566 7.18973 2
      vertex 74.3106 7.15911 2
    endloop
  endfacet
  facet normal -0 0 1
    outer loop
      vertex 74 46.8 2
      vertex 74.1566 7.18973 2
      vertex 74.1566 46.8103 2
    endloop
  endfacet
  facet normal 0 0 1
    outer loop
      vertex 74 46.8 2
      vertex 74 7.2 2
      vertex 74.1566 7.18973 2
    endloop
  endfacet
  facet normal 0 0 1
    outer loop
      vertex 73.8434 46.8103 2
      vertex 74 7.2 2
      vertex 74 46.8 2
    endloop
  endfacet
  facet normal 0 0 1
    outer loop
      vertex 73.8434 46.8103 2
      vertex 73.8434 7.18973 2
      vertex 74 7.2 2
    endloop
  endfacet
  facet normal 0 0 1
    outer loop
      vertex 51.3 32.8 2
      vertex 73.8434 46.8103 2
      vertex 73.6894 46.8409 2
    endloop
  endfacet
  facet normal 0 0 1
    outer loop
      vertex 73.8434 46.8103 2
      vertex 51.3 32.8 2
      vertex 73.8434 7.18973 2
    endloop
  endfacet
  facet normal 0 0 1
    outer loop
      vertex 51.3 32.8 2
      vertex 73.6894 46.8409 2
      vertex 73.5408 46.8913 2
    endloop
  endfacet
  facet normal -0 0 1
    outer loop
      vertex 51.3 21.5 2
      vertex 73.8434 7.18973 2
      vertex 51.3 32.8 2
    endloop
  endfacet
  facet normal 0 0 1
    outer loop
      vertex 51.3 32.8 2
      vertex 73.5408 46.8913 2
      vertex 73.4 46.9608 2
    endloop
  endfacet
  facet normal 0 0 1
    outer loop
      vertex 73.8434 7.18973 2
      vertex 51.3 21.5 2
      vertex 73.6894 7.15911 2
    endloop
  endfacet
  facet normal 0 0 1
    outer loop
      vertex 51.3 32.8 2
      vertex 73.4 46.9608 2
      vertex 73.2695 47.048 2
    endloop
  endfacet
  facet normal 0 0 1
    outer loop
      vertex 73.6894 7.15911 2
      vertex 51.3 21.5 2
      vertex 73.5408 7.10865 2
    endloop
  endfacet
  facet normal 0 0 1
    outer loop
      vertex 51.3 32.8 2
      vertex 73.2695 47.048 2
      vertex 73.1515 47.1515 2
    endloop
  endfacet
  facet normal 0 0 1
    outer loop
      vertex 73.5408 7.10865 2
      vertex 51.3 21.5 2
      vertex 73.4 7.03923 2
    endloop
  endfacet
  facet normal 0 0 1
    outer loop
      vertex 51.3 32.8 2
      vertex 73.1515 47.1515 2
      vertex 73.048 47.2695 2
    endloop
  endfacet
  facet normal 0 0 1
    outer loop
      vertex 73.4 7.03923 2
      vertex 51.3 21.5 2
      vertex 73.2695 6.95202 2
    endloop
  endfacet
  facet normal 0 0 1
    outer loop
      vertex 51.3 32.8 2
      vertex 73.048 47.2695 2
      vertex 72.9608 47.4 2
    endloop
  endfacet
  facet normal 0 0 1
    outer loop
      vertex 73.2695 6.95202 2
      vertex 51.3 21.5 2
      vertex 73.1515 6.84853 2
    endloop
  endfacet
  facet normal 0 0 1
    outer loop
      vertex 51.3 32.8 2
      vertex 72.9608 47.4 2
      vertex 72.8913 47.5408 2
    endloop
  endfacet
  facet normal 0 0 1
    outer loop
      vertex 73.1515 6.84853 2
      vertex 51.3 21.5 2
      vertex 73.048 6.73051 2
    endloop
  endfacet
  facet normal 0 0 1
    outer loop
      vertex 51.3 32.8 2
      vertex 72.8913 47.5408 2
      vertex 72.8409 47.6894 2
    endloop
  endfacet
  facet normal 0 0 1
    outer loop
      vertex 73.048 6.73051 2
      vertex 51.3 21.5 2
      vertex 72.9608 6.6 2
    endloop
  endfacet
  facet normal 0 0 1
    outer loop
      vertex 51.3 32.8 2
      vertex 72.8409 47.6894 2
      vertex 72.8103 47.8434 2
    endloop
  endfacet
  facet normal 0 0 1
    outer loop
      vertex 72.9608 6.6 2
      vertex 51.3 21.5 2
      vertex 72.8913 6.45922 2
    endloop
  endfacet
  facet normal 0 0 1
    outer loop
      vertex 51.3 32.8 2
      vertex 72.8103 47.8434 2
      vertex 72.8 48 2
    endloop
  endfacet
  facet normal 0 0 1
    outer loop
      vertex 72.8913 6.45922 2
      vertex 51.3 21.5 2
      vertex 72.8409 6.31058 2
    endloop
  endfacet
  facet normal 0 0 1
    outer loop
      vertex 74.8485 48.8485 2
      vertex 80 51 2
      vertex 79.9743 51.3916 2
    endloop
  endfacet
  facet normal 0 0 1
    outer loop
      vertex 75.1897 47.8434 2
      vertex 80 51 2
      vertex 75.2 48 2
    endloop
  endfacet
  facet normal 0 0 1
    outer loop
      vertex 74.8485 48.8485 2
      vertex 79.9743 51.3916 2
      vertex 79.8978 51.7765 2
    endloop
  endfacet
  facet normal 0 0 1
    outer loop
      vertex 75.1591 47.6894 2
      vertex 80 51 2
      vertex 75.1897 47.8434 2
    endloop
  endfacet
  facet normal 0 0 1
    outer loop
      vertex 74.8485 48.8485 2
      vertex 79.8978 51.7765 2
      vertex 79.7716 52.148 2
    endloop
  endfacet
  facet normal -0 0 1
    outer loop
      vertex 75.1897 5.84337 2
      vertex 80 3 2
      vertex 75.2 6 2
    endloop
  endfacet
  facet normal 0 0 1
    outer loop
      vertex 74.8485 48.8485 2
      vertex 79.7716 52.148 2
      vertex 79.5981 52.5 2
    endloop
  endfacet
  facet normal -0 0 1
    outer loop
      vertex 75.1591 5.68942 2
      vertex 80 3 2
      vertex 75.1897 5.84337 2
    endloop
  endfacet
  facet normal 0 0 1
    outer loop
      vertex 74.8485 48.8485 2
      vertex 79.5981 52.5 2
      vertex 79.3801 52.8263 2
    endloop
  endfacet
  facet normal -0 0 1
    outer loop
      vertex 75.1087 5.54078 2
      vertex 80 3 2
      vertex 75.1591 5.68942 2
    endloop
  endfacet
  facet normal 0 0 1
    outer loop
      vertex 74.8485 48.8485 2
      vertex 79.3801 52.8263 2
      vertex 79.1213 53.1213 2
    endloop
  endfacet
  facet normal -0 0 1
    outer loop
      vertex 75.0392 5.4 2
      vertex 80 3 2
      vertex 75.1087 5.54078 2
    endloop
  endfacet
  facet normal 0 0 1
    outer loop
      vertex 74.8485 48.8485 2
      vertex 79.1213 53.1213 2
      vertex 78.8263 53.3801 2
    endloop
  endfacet
  facet normal -0 0 1
    outer loop
      vertex 74.952 5.26949 2
      vertex 80 3 2
      vertex 75.0392 5.4 2
    endloop
  endfacet
  facet normal 0 0 1
    outer loop
      vertex 74.8485 48.8485 2
      vertex 78.8263 53.3801 2
      vertex 78.5 53.5981 2
    endloop
  endfacet
  facet normal -0 0 1
    outer loop
      vertex 74.8485 5.15147 2
      vertex 80 3 2
      vertex 74.952 5.26949 2
    endloop
  endfacet
  facet normal 0 0 1
    outer loop
      vertex 74.8485 48.8485 2
      vertex 78.5 53.5981 2
      vertex 78.148 53.7716 2
    endloop
  endfacet
  facet normal 0 0 1
    outer loop
      vertex 80 3 2
      vertex 74.8485 5.15147 2
      vertex 79.9743 2.60842 2
    endloop
  endfacet
  facet normal 0 0 1
    outer loop
      vertex 74.8485 48.8485 2
      vertex 78.148 53.7716 2
      vertex 77.7765 53.8978 2
    endloop
  endfacet
  facet normal 0 0 1
    outer loop
      vertex 79.9743 2.60842 2
      vertex 74.8485 5.15147 2
      vertex 79.8978 2.22354 2
    endloop
  endfacet
  facet normal 0 0 1
    outer loop
      vertex 74.8485 48.8485 2
      vertex 77.7765 53.8978 2
      vertex 77.3916 53.9743 2
    endloop
  endfacet
  facet normal 0 0 1
    outer loop
      vertex 79.8978 2.22354 2
      vertex 74.8485 5.15147 2
      vertex 79.7716 1.85195 2
    endloop
  endfacet
  facet normal 0 0 1
    outer loop
      vertex 74.8485 48.8485 2
      vertex 77.3916 53.9743 2
      vertex 77 54 2
    endloop
  endfacet
  facet normal 0 0 1
    outer loop
      vertex 79.7716 1.85195 2
      vertex 74.8485 5.15147 2
      vertex 79.5981 1.5 2
    endloop
  endfacet
  facet normal 0 0 1
    outer loop
      vertex 79.5981 1.5 2
      vertex 74.8485 5.15147 2
      vertex 79.3801 1.17372 2
    endloop
  endfacet
  facet normal 0 0 1
    outer loop
      vertex 80 51 2
      vertex 75.1897 48.1566 2
      vertex 75.2 48 2
    endloop
  endfacet
  facet normal 0 0 1
    outer loop
      vertex 80 51 2
      vertex 75.1591 48.3106 2
      vertex 75.1897 48.1566 2
    endloop
  endfacet
  facet normal 0 0 1
    outer loop
      vertex 80 51 2
      vertex 75.1087 48.4592 2
      vertex 75.1591 48.3106 2
    endloop
  endfacet
  facet normal 0 0 1
    outer loop
      vertex 80 51 2
      vertex 75.0392 48.6 2
      vertex 75.1087 48.4592 2
    endloop
  endfacet
  facet normal 0 0 1
    outer loop
      vertex 80 51 2
      vertex 74.952 48.7305 2
      vertex 75.0392 48.6 2
    endloop
  endfacet
  facet normal 0 0 1
    outer loop
      vertex 80 51 2
      vertex 74.8485 48.8485 2
      vertex 74.952 48.7305 2
    endloop
  endfacet
  facet normal 0 0 1
    outer loop
      vertex 77 54 2
      vertex 74.7305 48.952 2
      vertex 74.8485 48.8485 2
    endloop
  endfacet
  facet normal 0 0 1
    outer loop
      vertex 77 54 2
      vertex 74.6 49.0392 2
      vertex 74.7305 48.952 2
    endloop
  endfacet
  facet normal 0 0 1
    outer loop
      vertex 77 54 2
      vertex 74.4592 49.1087 2
      vertex 74.6 49.0392 2
    endloop
  endfacet
  facet normal 0 0 1
    outer loop
      vertex 77 54 2
      vertex 74.3106 49.1591 2
      vertex 74.4592 49.1087 2
    endloop
  endfacet
  facet normal 0 0 1
    outer loop
      vertex 77 54 2
      vertex 74.1566 49.1897 2
      vertex 74.3106 49.1591 2
    endloop
  endfacet
  facet normal 0 0 1
    outer loop
      vertex 77 54 2
      vertex 74 49.2 2
      vertex 74.1566 49.1897 2
    endloop
  endfacet
  facet normal 0 0 1
    outer loop
      vertex 77 54 2
      vertex 73.8434 49.1897 2
      vertex 74 49.2 2
    endloop
  endfacet
  facet normal 0 0 1
    outer loop
      vertex 77 54 2
      vertex 73.6894 49.1591 2
      vertex 73.8434 49.1897 2
    endloop
  endfacet
  facet normal 0 0 1
    outer loop
      vertex 77 54 2
      vertex 73.5408 49.1087 2
      vertex 73.6894 49.1591 2
    endloop
  endfacet
  facet normal 0 0 1
    outer loop
      vertex 77 54 2
      vertex 73.4 49.0392 2
      vertex 73.5408 49.1087 2
    endloop
  endfacet
  facet normal 0 0 1
    outer loop
      vertex 77 54 2
      vertex 73.2695 48.952 2
      vertex 73.4 49.0392 2
    endloop
  endfacet
  facet normal 0 0 1
    outer loop
      vertex 77 54 2
      vertex 73.1515 48.8485 2
      vertex 73.2695 48.952 2
    endloop
  endfacet
  facet normal 0 0 1
    outer loop
      vertex 77 54 2
      vertex 73.048 48.7305 2
      vertex 73.1515 48.8485 2
    endloop
  endfacet
  facet normal 0 0 1
    outer loop
      vertex 72.8409 6.31058 2
      vertex 51.3 21.5 2
      vertex 72.8103 6.15663 2
    endloop
  endfacet
  facet normal 0 0 1
    outer loop
      vertex 72.8103 48.1566 2
      vertex 51.3 32.8 2
      vertex 72.8 48 2
    endloop
  endfacet
  facet normal 0 0 1
    outer loop
      vertex 72.8409 48.3106 2
      vertex 51.3 32.8 2
      vertex 72.8103 48.1566 2
    endloop
  endfacet
  facet normal 0 0 1
    outer loop
      vertex 72.8913 48.4592 2
      vertex 51.3 32.8 2
      vertex 72.8409 48.3106 2
    endloop
  endfacet
  facet normal 0 0 1
    outer loop
      vertex 72.9608 48.6 2
      vertex 51.3 32.8 2
      vertex 72.8913 48.4592 2
    endloop
  endfacet
  facet normal 0 0 1
    outer loop
      vertex 73.048 48.7305 2
      vertex 51.3 32.8 2
      vertex 72.9608 48.6 2
    endloop
  endfacet
  facet normal 0 0 1
    outer loop
      vertex 6.95202 48.7305 2
      vertex 73.048 48.7305 2
      vertex 77 54 2
    endloop
  endfacet
  facet normal 0 0 1
    outer loop
      vertex 73.048 48.7305 2
      vertex 6.95202 48.7305 2
      vertex 51.3 32.8 2
    endloop
  endfacet
  facet normal -0 0 1
    outer loop
      vertex 7.18973 47.8434 2
      vertex 29 32.8 2
      vertex 7.2 48 2
    endloop
  endfacet
  facet normal 0 0 1
    outer loop
      vertex 51.3 32.8 2
      vertex 6.95202 48.7305 2
      vertex 29 32.8 2
    endloop
  endfacet
  facet normal 0 0 1
    outer loop
      vertex 29 32.8 2
      vertex 7.18973 48.1566 2
      vertex 7.2 48 2
    endloop
  endfacet
  facet normal 0 0 1
    outer loop
      vertex 29 32.8 2
      vertex 7.15911 48.3106 2
      vertex 7.18973 48.1566 2
    endloop
  endfacet
  facet normal 0 0 1
    outer loop
      vertex 29 32.8 2
      vertex 7.10865 48.4592 2
      vertex 7.15911 48.3106 2
    endloop
  endfacet
  facet normal 0 0 1
    outer loop
      vertex 29 32.8 2
      vertex 7.03923 48.6 2
      vertex 7.10865 48.4592 2
    endloop
  endfacet
  facet normal 0 0 1
    outer loop
      vertex 29 32.8 2
      vertex 6.95202 48.7305 2
      vertex 7.03923 48.6 2
    endloop
  endfacet
  facet normal 0 0 1
    outer loop
      vertex 77 54 2
      vertex 6.84853 48.8485 2
      vertex 6.95202 48.7305 2
    endloop
  endfacet
  facet normal -0 0 1
    outer loop
      vertex 3 54 2
      vertex 6.84853 48.8485 2
      vertex 77 54 2
    endloop
  endfacet
  facet normal 0 0 1
    outer loop
      vertex 6.84853 48.8485 2
      vertex 3 54 2
      vertex 6.73051 48.952 2
    endloop
  endfacet
  facet normal 0 0 1
    outer loop
      vertex 6.73051 48.952 2
      vertex 3 54 2
      vertex 6.6 49.0392 2
    endloop
  endfacet
  facet normal 0 0 1
    outer loop
      vertex 6.6 49.0392 2
      vertex 3 54 2
      vertex 6.45922 49.1087 2
    endloop
  endfacet
  facet normal 0 0 1
    outer loop
      vertex 6.45922 49.1087 2
      vertex 3 54 2
      vertex 6.31058 49.1591 2
    endloop
  endfacet
  facet normal 0 0 1
    outer loop
      vertex 6.31058 49.1591 2
      vertex 3 54 2
      vertex 6.15663 49.1897 2
    endloop
  endfacet
  facet normal 0 0 1
    outer loop
      vertex 6.15663 49.1897 2
      vertex 3 54 2
      vertex 6 49.2 2
    endloop
  endfacet
  facet normal 0 0 1
    outer loop
      vertex 4.81027 48.1566 2
      vertex 0 51 2
      vertex 4.8 48 2
    endloop
  endfacet
  facet normal 0 0 1
    outer loop
      vertex 4.84089 48.3106 2
      vertex 0 51 2
      vertex 4.81027 48.1566 2
    endloop
  endfacet
  facet normal 0 0 1
    outer loop
      vertex 4.89134 48.4592 2
      vertex 0 51 2
      vertex 4.84089 48.3106 2
    endloop
  endfacet
  facet normal 0 0 1
    outer loop
      vertex 4.96077 48.6 2
      vertex 0 51 2
      vertex 4.89134 48.4592 2
    endloop
  endfacet
  facet normal 0 0 1
    outer loop
      vertex 5.04798 48.7305 2
      vertex 0 51 2
      vertex 4.96077 48.6 2
    endloop
  endfacet
  facet normal 0 0 1
    outer loop
      vertex 5.15147 48.8485 2
      vertex 0 51 2
      vertex 5.04798 48.7305 2
    endloop
  endfacet
  facet normal -0 0 1
    outer loop
      vertex 0 51 2
      vertex 5.15147 48.8485 2
      vertex 3 54 2
    endloop
  endfacet
  facet normal 0 0 1
    outer loop
      vertex 5.26949 48.952 2
      vertex 3 54 2
      vertex 5.15147 48.8485 2
    endloop
  endfacet
  facet normal 0 0 1
    outer loop
      vertex 5.4 49.0392 2
      vertex 3 54 2
      vertex 5.26949 48.952 2
    endloop
  endfacet
  facet normal 0 0 1
    outer loop
      vertex 5.54078 49.1087 2
      vertex 3 54 2
      vertex 5.4 49.0392 2
    endloop
  endfacet
  facet normal 0 0 1
    outer loop
      vertex 5.68942 49.1591 2
      vertex 3 54 2
      vertex 5.54078 49.1087 2
    endloop
  endfacet
  facet normal 0 0 1
    outer loop
      vertex 5.84337 49.1897 2
      vertex 3 54 2
      vertex 5.68942 49.1591 2
    endloop
  endfacet
  facet normal 0 0 1
    outer loop
      vertex 6 49.2 2
      vertex 3 54 2
      vertex 5.84337 49.1897 2
    endloop
  endfacet
  facet normal 0 0 1
    outer loop
      vertex 79.3801 1.17372 2
      vertex 74.8485 5.15147 2
      vertex 79.1213 0.878679 2
    endloop
  endfacet
  facet normal 0 0 1
    outer loop
      vertex 79.1213 0.878679 2
      vertex 74.8485 5.15147 2
      vertex 78.8263 0.61994 2
    endloop
  endfacet
  facet normal 0 0 1
    outer loop
      vertex 78.8263 0.61994 2
      vertex 74.8485 5.15147 2
      vertex 78.5 0.401923 2
    endloop
  endfacet
  facet normal 0 0 1
    outer loop
      vertex 78.5 0.401923 2
      vertex 74.8485 5.15147 2
      vertex 78.148 0.228361 2
    endloop
  endfacet
  facet normal 0 0 1
    outer loop
      vertex 78.148 0.228361 2
      vertex 74.8485 5.15147 2
      vertex 77.7765 0.102222 2
    endloop
  endfacet
  facet normal 0 0 1
    outer loop
      vertex 77.7765 0.102222 2
      vertex 74.8485 5.15147 2
      vertex 77.3916 0.0256653 2
    endloop
  endfacet
  facet normal 0 0 1
    outer loop
      vertex 77.3916 0.0256653 2
      vertex 74.8485 5.15147 2
      vertex 77 0 2
    endloop
  endfacet
  facet normal -0 0 1
    outer loop
      vertex 74.7305 5.04798 2
      vertex 77 0 2
      vertex 74.8485 5.15147 2
    endloop
  endfacet
  facet normal -0 0 1
    outer loop
      vertex 74.6 4.96077 2
      vertex 77 0 2
      vertex 74.7305 5.04798 2
    endloop
  endfacet
  facet normal -0 0 1
    outer loop
      vertex 74.4592 4.89134 2
      vertex 77 0 2
      vertex 74.6 4.96077 2
    endloop
  endfacet
  facet normal -0 0 1
    outer loop
      vertex 74.3106 4.84089 2
      vertex 77 0 2
      vertex 74.4592 4.89134 2
    endloop
  endfacet
  facet normal -0 0 1
    outer loop
      vertex 74.1566 4.81027 2
      vertex 77 0 2
      vertex 74.3106 4.84089 2
    endloop
  endfacet
  facet normal -0 0 1
    outer loop
      vertex 74 4.8 2
      vertex 77 0 2
      vertex 74.1566 4.81027 2
    endloop
  endfacet
  facet normal 0 0 1
    outer loop
      vertex 73.8434 4.81027 2
      vertex 77 0 2
      vertex 74 4.8 2
    endloop
  endfacet
  facet normal 0 0 1
    outer loop
      vertex 73.6894 4.84089 2
      vertex 77 0 2
      vertex 73.8434 4.81027 2
    endloop
  endfacet
  facet normal 0 0 1
    outer loop
      vertex 73.5408 4.89134 2
      vertex 77 0 2
      vertex 73.6894 4.84089 2
    endloop
  endfacet
  facet normal 0 0 1
    outer loop
      vertex 73.4 4.96077 2
      vertex 77 0 2
      vertex 73.5408 4.89134 2
    endloop
  endfacet
  facet normal 0 0 1
    outer loop
      vertex 73.2695 5.04798 2
      vertex 77 0 2
      vertex 73.4 4.96077 2
    endloop
  endfacet
  facet normal 0 0 1
    outer loop
      vertex 73.1515 5.15147 2
      vertex 77 0 2
      vertex 73.2695 5.04798 2
    endloop
  endfacet
  facet normal 0 0 1
    outer loop
      vertex 73.048 5.26949 2
      vertex 77 0 2
      vertex 73.1515 5.15147 2
    endloop
  endfacet
  facet normal 0 0 1
    outer loop
      vertex 72.8103 6.15663 2
      vertex 51.3 21.5 2
      vertex 72.8 6 2
    endloop
  endfacet
  facet normal 0 0 1
    outer loop
      vertex 72.8 6 2
      vertex 51.3 21.5 2
      vertex 72.8103 5.84337 2
    endloop
  endfacet
  facet normal 0 0 1
    outer loop
      vertex 72.8103 5.84337 2
      vertex 51.3 21.5 2
      vertex 72.8409 5.68942 2
    endloop
  endfacet
  facet normal 0 0 1
    outer loop
      vertex 72.8409 5.68942 2
      vertex 51.3 21.5 2
      vertex 72.8913 5.54078 2
    endloop
  endfacet
  facet normal 0 0 1
    outer loop
      vertex 72.8913 5.54078 2
      vertex 51.3 21.5 2
      vertex 72.9608 5.4 2
    endloop
  endfacet
  facet normal 0 0 1
    outer loop
      vertex 72.9608 5.4 2
      vertex 51.3 21.5 2
      vertex 73.048 5.26949 2
    endloop
  endfacet
  facet normal 0 0 1
    outer loop
      vertex 6.95202 5.26949 2
      vertex 73.048 5.26949 2
      vertex 51.3 21.5 2
    endloop
  endfacet
  facet normal 0 0 1
    outer loop
      vertex 7.03923 5.4 2
      vertex 51.3 21.5 2
      vertex 29 21.5 2
    endloop
  endfacet
  facet normal -0 0 1
    outer loop
      vertex 7.15911 47.6894 2
      vertex 29 32.8 2
      vertex 7.18973 47.8434 2
    endloop
  endfacet
  facet normal 0 0 1
    outer loop
      vertex 7.18973 5.84337 2
      vertex 29 21.5 2
      vertex 7.2 6 2
    endloop
  endfacet
  facet normal 0 0 1
    outer loop
      vertex 7.15911 5.68942 2
      vertex 29 21.5 2
      vertex 7.18973 5.84337 2
    endloop
  endfacet
  facet normal 0 0 1
    outer loop
      vertex 7.10865 5.54078 2
      vertex 29 21.5 2
      vertex 7.15911 5.68942 2
    endloop
  endfacet
  facet normal 0 0 1
    outer loop
      vertex 7.03923 5.4 2
      vertex 29 21.5 2
      vertex 7.10865 5.54078 2
    endloop
  endfacet
  facet normal 0 0 1
    outer loop
      vertex 6.95202 5.26949 2
      vertex 51.3 21.5 2
      vertex 7.03923 5.4 2
    endloop
  endfacet
  facet normal 0 0 1
    outer loop
      vertex 73.048 5.26949 2
      vertex 6.95202 5.26949 2
      vertex 77 0 2
    endloop
  endfacet
  facet normal -0 0 1
    outer loop
      vertex 6.84853 5.15147 2
      vertex 77 0 2
      vertex 6.95202 5.26949 2
    endloop
  endfacet
  facet normal 0 0 1
    outer loop
      vertex 3 0 2
      vertex 6.84853 5.15147 2
      vertex 6.73051 5.04798 2
    endloop
  endfacet
  facet normal 0 0 1
    outer loop
      vertex 3 0 2
      vertex 6.73051 5.04798 2
      vertex 6.6 4.96077 2
    endloop
  endfacet
  facet normal 0 0 1
    outer loop
      vertex 3 0 2
      vertex 6.6 4.96077 2
      vertex 6.45922 4.89134 2
    endloop
  endfacet
  facet normal 0 0 1
    outer loop
      vertex 3 0 2
      vertex 6.45922 4.89134 2
      vertex 6.31058 4.84089 2
    endloop
  endfacet
  facet normal 0 0 1
    outer loop
      vertex 3 0 2
      vertex 6.31058 4.84089 2
      vertex 6.15663 4.81027 2
    endloop
  endfacet
  facet normal 0 0 1
    outer loop
      vertex 3 0 2
      vertex 6.15663 4.81027 2
      vertex 6 4.8 2
    endloop
  endfacet
  facet normal 0 0 1
    outer loop
      vertex 3 0 2
      vertex 6 4.8 2
      vertex 5.84337 4.81027 2
    endloop
  endfacet
  facet normal 0 0 1
    outer loop
      vertex 6.84853 5.15147 2
      vertex 3 0 2
      vertex 77 0 2
    endloop
  endfacet
  facet normal 0 0 1
    outer loop
      vertex 5.68942 4.84089 2
      vertex 3 0 2
      vertex 5.84337 4.81027 2
    endloop
  endfacet
  facet normal 0 0 1
    outer loop
      vertex 5.54078 4.89134 2
      vertex 3 0 2
      vertex 5.68942 4.84089 2
    endloop
  endfacet
  facet normal 0 0 1
    outer loop
      vertex 5.4 4.96077 2
      vertex 3 0 2
      vertex 5.54078 4.89134 2
    endloop
  endfacet
  facet normal 0 0 1
    outer loop
      vertex 5.26949 5.04798 2
      vertex 3 0 2
      vertex 5.4 4.96077 2
    endloop
  endfacet
  facet normal 0 0 1
    outer loop
      vertex 5.15147 5.15147 2
      vertex 3 0 2
      vertex 5.26949 5.04798 2
    endloop
  endfacet
  facet normal 0 0 1
    outer loop
      vertex 0 3 2
      vertex 5.15147 5.15147 2
      vertex 5.04798 5.26949 2
    endloop
  endfacet
  facet normal 0 0 1
    outer loop
      vertex 0 3 2
      vertex 5.04798 5.26949 2
      vertex 4.96077 5.4 2
    endloop
  endfacet
  facet normal 0 0 1
    outer loop
      vertex 0 3 2
      vertex 4.96077 5.4 2
      vertex 4.89134 5.54078 2
    endloop
  endfacet
  facet normal 0 0 1
    outer loop
      vertex 0 3 2
      vertex 4.89134 5.54078 2
      vertex 4.84089 5.68942 2
    endloop
  endfacet
  facet normal 0 0 1
    outer loop
      vertex 0 3 2
      vertex 4.84089 5.68942 2
      vertex 4.81027 5.84337 2
    endloop
  endfacet
  facet normal 0 0 1
    outer loop
      vertex 0 3 2
      vertex 4.81027 5.84337 2
      vertex 4.8 6 2
    endloop
  endfacet
  facet normal 0 0 1
    outer loop
      vertex 4.84089 6.31058 2
      vertex 0 3 2
      vertex 4.81027 6.15663 2
    endloop
  endfacet
  facet normal 0 0 1
    outer loop
      vertex 0 51 2
      vertex 3 54 2
      vertex 2.60842 53.9743 2
    endloop
  endfacet
  facet normal 0 0 1
    outer loop
      vertex 4.81027 6.15663 2
      vertex 0 3 2
      vertex 4.8 6 2
    endloop
  endfacet
  facet normal 0 0 1
    outer loop
      vertex 0 51 2
      vertex 2.60842 53.9743 2
      vertex 2.22354 53.8978 2
    endloop
  endfacet
  facet normal 0 0 1
    outer loop
      vertex 5.15147 5.15147 2
      vertex 0 3 2
      vertex 3 0 2
    endloop
  endfacet
  facet normal 0 0 1
    outer loop
      vertex 0 51 2
      vertex 2.22354 53.8978 2
      vertex 1.85195 53.7716 2
    endloop
  endfacet
  facet normal 0 0 1
    outer loop
      vertex 3 0 2
      vertex 0 3 2
      vertex 2.60842 0.0256653 2
    endloop
  endfacet
  facet normal 0 0 1
    outer loop
      vertex 0 51 2
      vertex 1.85195 53.7716 2
      vertex 1.5 53.5981 2
    endloop
  endfacet
  facet normal 0 0 1
    outer loop
      vertex 2.60842 0.0256653 2
      vertex 0 3 2
      vertex 2.22354 0.102222 2
    endloop
  endfacet
  facet normal 0 0 1
    outer loop
      vertex 0 51 2
      vertex 1.5 53.5981 2
      vertex 1.17372 53.3801 2
    endloop
  endfacet
  facet normal 0 0 1
    outer loop
      vertex 2.22354 0.102222 2
      vertex 0 3 2
      vertex 1.85195 0.228361 2
    endloop
  endfacet
  facet normal 0 0 1
    outer loop
      vertex 0 51 2
      vertex 1.17372 53.3801 2
      vertex 0.878679 53.1213 2
    endloop
  endfacet
  facet normal 0 0 1
    outer loop
      vertex 1.85195 0.228361 2
      vertex 0 3 2
      vertex 1.5 0.401923 2
    endloop
  endfacet
  facet normal 0 0 1
    outer loop
      vertex 0 51 2
      vertex 0.878679 53.1213 2
      vertex 0.61994 52.8263 2
    endloop
  endfacet
  facet normal 0 0 1
    outer loop
      vertex 1.5 0.401923 2
      vertex 0 3 2
      vertex 1.17372 0.61994 2
    endloop
  endfacet
  facet normal 0 0 1
    outer loop
      vertex 0 51 2
      vertex 0.61994 52.8263 2
      vertex 0.401923 52.5 2
    endloop
  endfacet
  facet normal 0 0 1
    outer loop
      vertex 1.17372 0.61994 2
      vertex 0 3 2
      vertex 0.878679 0.878679 2
    endloop
  endfacet
  facet normal 0 0 1
    outer loop
      vertex 0 51 2
      vertex 0.401923 52.5 2
      vertex 0.228361 52.148 2
    endloop
  endfacet
  facet normal 0 0 1
    outer loop
      vertex 0.878679 0.878679 2
      vertex 0 3 2
      vertex 0.61994 1.17372 2
    endloop
  endfacet
  facet normal 0 0 1
    outer loop
      vertex 0 51 2
      vertex 0.228361 52.148 2
      vertex 0.102222 51.7765 2
    endloop
  endfacet
  facet normal 0 0 1
    outer loop
      vertex 0.61994 1.17372 2
      vertex 0 3 2
      vertex 0.401923 1.5 2
    endloop
  endfacet
  facet normal 0 0 1
    outer loop
      vertex 0 51 2
      vertex 0.102222 51.7765 2
      vertex 0.0256653 51.3916 2
    endloop
  endfacet
  facet normal 0 0 1
    outer loop
      vertex 0.401923 1.5 2
      vertex 0 3 2
      vertex 0.228361 1.85195 2
    endloop
  endfacet
  facet normal 0 0 1
    outer loop
      vertex 0.228361 1.85195 2
      vertex 0 3 2
      vertex 0.102222 2.22354 2
    endloop
  endfacet
  facet normal 0 0 1
    outer loop
      vertex 0.102222 2.22354 2
      vertex 0 3 2
      vertex 0.0256653 2.60842 2
    endloop
  endfacet
  facet normal -0.997859 0.0653993 0
    outer loop
      vertex 0 51 0
      vertex 0.0256653 51.3916 2
      vertex 0.0256653 51.3916 0
    endloop
  endfacet
  facet normal -0.997859 0.0653993 0
    outer loop
      vertex 0.0256653 51.3916 2
      vertex 0 51 0
      vertex 0 51 2
    endloop
  endfacet
  facet normal -0.659339 -0.751846 0
    outer loop
      vertex 0.878679 0.878679 0
      vertex 1.17372 0.61994 2
      vertex 0.878679 0.878679 2
    endloop
  endfacet
  facet normal -0.659339 -0.751846 -0
    outer loop
      vertex 1.17372 0.61994 2
      vertex 0.878679 0.878679 0
      vertex 1.17372 0.61994 0
    endloop
  endfacet
  facet normal -0.0654026 -0.997859 0
    outer loop
      vertex 2.60842 0.0256653 0
      vertex 3 0 2
      vertex 2.60842 0.0256653 2
    endloop
  endfacet
  facet normal -0.0654026 -0.997859 -0
    outer loop
      vertex 3 0 2
      vertex 2.60842 0.0256653 0
      vertex 3 0 0
    endloop
  endfacet
  facet normal 0 -1 0
    outer loop
      vertex 3 0 0
      vertex 77 0 2
      vertex 3 0 2
    endloop
  endfacet
  facet normal 0 -1 -0
    outer loop
      vertex 77 0 2
      vertex 3 0 0
      vertex 77 0 0
    endloop
  endfacet
  facet normal -0.751846 -0.659339 0
    outer loop
      vertex 0.878679 0.878679 0
      vertex 0.61994 1.17372 2
      vertex 0.61994 1.17372 0
    endloop
  endfacet
  facet normal -0.751846 -0.659339 0
    outer loop
      vertex 0.61994 1.17372 2
      vertex 0.878679 0.878679 0
      vertex 0.878679 0.878679 2
    endloop
  endfacet
  facet normal 0 1 -0
    outer loop
      vertex 77 54 0
      vertex 3 54 2
      vertex 77 54 2
    endloop
  endfacet
  facet normal 0 1 0
    outer loop
      vertex 3 54 2
      vertex 77 54 0
      vertex 3 54 0
    endloop
  endfacet
  facet normal -0.0654906 0.997853 0
    outer loop
      vertex 3 54 0
      vertex 2.60842 53.9743 2
      vertex 3 54 2
    endloop
  endfacet
  facet normal -0.0654906 0.997853 0
    outer loop
      vertex 2.60842 53.9743 2
      vertex 3 54 0
      vertex 2.60842 53.9743 0
    endloop
  endfacet
  facet normal 0.555523 0.831501 -0
    outer loop
      vertex 78.8263 53.3801 0
      vertex 78.5 53.5981 2
      vertex 78.8263 53.3801 2
    endloop
  endfacet
  facet normal 0.555523 0.831501 0
    outer loop
      vertex 78.5 53.5981 2
      vertex 78.8263 53.3801 0
      vertex 78.5 53.5981 0
    endloop
  endfacet
  facet normal 0.896961 0.44211 0
    outer loop
      vertex 79.7716 52.148 2
      vertex 79.5981 52.5 0
      vertex 79.5981 52.5 2
    endloop
  endfacet
  facet normal 0.896961 0.44211 0
    outer loop
      vertex 79.5981 52.5 0
      vertex 79.7716 52.148 2
      vertex 79.7716 52.148 0
    endloop
  endfacet
  facet normal 0.0653993 -0.997859 0
    outer loop
      vertex 77 0 0
      vertex 77.3916 0.0256653 2
      vertex 77 0 2
    endloop
  endfacet
  facet normal 0.0653993 -0.997859 0
    outer loop
      vertex 77.3916 0.0256653 2
      vertex 77 0 0
      vertex 77.3916 0.0256653 0
    endloop
  endfacet
  facet normal 0.321512 -0.946905 0
    outer loop
      vertex 77.7765 0.102222 0
      vertex 78.148 0.228361 2
      vertex 77.7765 0.102222 2
    endloop
  endfacet
  facet normal 0.321512 -0.946905 0
    outer loop
      vertex 78.148 0.228361 2
      vertex 77.7765 0.102222 0
      vertex 78.148 0.228361 0
    endloop
  endfacet
  facet normal 0.997853 -0.0654906 0
    outer loop
      vertex 79.9743 2.60842 2
      vertex 80 3 0
      vertex 80 3 2
    endloop
  endfacet
  facet normal 0.997853 -0.0654906 0
    outer loop
      vertex 80 3 0
      vertex 79.9743 2.60842 2
      vertex 79.9743 2.60842 0
    endloop
  endfacet
  facet normal 0.831485 -0.555547 0
    outer loop
      vertex 79.3801 1.17372 2
      vertex 79.5981 1.5 0
      vertex 79.5981 1.5 2
    endloop
  endfacet
  facet normal 0.831485 -0.555547 0
    outer loop
      vertex 79.5981 1.5 0
      vertex 79.3801 1.17372 2
      vertex 79.3801 1.17372 0
    endloop
  endfacet
  facet normal -0.896898 0.442237 0
    outer loop
      vertex 0.228361 52.148 0
      vertex 0.401923 52.5 2
      vertex 0.401923 52.5 0
    endloop
  endfacet
  facet normal -0.896898 0.442237 0
    outer loop
      vertex 0.401923 52.5 2
      vertex 0.228361 52.148 0
      vertex 0.228361 52.148 2
    endloop
  endfacet
  facet normal -0.442288 -0.896873 0
    outer loop
      vertex 1.5 0.401923 0
      vertex 1.85195 0.228361 2
      vertex 1.5 0.401923 2
    endloop
  endfacet
  facet normal -0.442288 -0.896873 -0
    outer loop
      vertex 1.85195 0.228361 2
      vertex 1.5 0.401923 0
      vertex 1.85195 0.228361 0
    endloop
  endfacet
  facet normal -0.831465 -0.555577 0
    outer loop
      vertex 0.61994 1.17372 0
      vertex 0.401923 1.5 2
      vertex 0.401923 1.5 0
    endloop
  endfacet
  facet normal -0.831465 -0.555577 0
    outer loop
      vertex 0.401923 1.5 2
      vertex 0.61994 1.17372 0
      vertex 0.61994 1.17372 2
    endloop
  endfacet
  facet normal -0.946929 -0.321442 0
    outer loop
      vertex 0.228361 1.85195 0
      vertex 0.102222 2.22354 2
      vertex 0.102222 2.22354 0
    endloop
  endfacet
  facet normal -0.946929 -0.321442 0
    outer loop
      vertex 0.102222 2.22354 2
      vertex 0.228361 1.85195 0
      vertex 0.228361 1.85195 2
    endloop
  endfacet
  facet normal -0.980786 -0.195089 0
    outer loop
      vertex 0.102222 2.22354 0
      vertex 0.0256653 2.60842 2
      vertex 0.0256653 2.60842 0
    endloop
  endfacet
  facet normal -0.980786 -0.195089 0
    outer loop
      vertex 0.0256653 2.60842 2
      vertex 0.102222 2.22354 0
      vertex 0.102222 2.22354 2
    endloop
  endfacet
  facet normal -0.19495 0.980813 0
    outer loop
      vertex 2.60842 53.9743 0
      vertex 2.22354 53.8978 2
      vertex 2.60842 53.9743 2
    endloop
  endfacet
  facet normal -0.19495 0.980813 0
    outer loop
      vertex 2.22354 53.8978 2
      vertex 2.60842 53.9743 0
      vertex 2.22354 53.8978 0
    endloop
  endfacet
  facet normal 0.946882 -0.321582 0
    outer loop
      vertex 79.7716 1.85195 2
      vertex 79.8978 2.22354 0
      vertex 79.8978 2.22354 2
    endloop
  endfacet
  facet normal 0.946882 -0.321582 0
    outer loop
      vertex 79.8978 2.22354 0
      vertex 79.7716 1.85195 2
      vertex 79.7716 1.85195 0
    endloop
  endfacet
  facet normal 0.896936 -0.44216 0
    outer loop
      vertex 79.5981 1.5 2
      vertex 79.7716 1.85195 0
      vertex 79.7716 1.85195 2
    endloop
  endfacet
  facet normal 0.896936 -0.44216 0
    outer loop
      vertex 79.7716 1.85195 0
      vertex 79.5981 1.5 2
      vertex 79.5981 1.5 0
    endloop
  endfacet
  facet normal 0.980813 -0.19495 0
    outer loop
      vertex 79.8978 2.22354 2
      vertex 79.9743 2.60842 0
      vertex 79.9743 2.60842 2
    endloop
  endfacet
  facet normal 0.980813 -0.19495 0
    outer loop
      vertex 79.9743 2.60842 0
      vertex 79.8978 2.22354 2
      vertex 79.8978 2.22354 0
    endloop
  endfacet
  facet normal 0.555553 -0.831481 0
    outer loop
      vertex 78.5 0.401923 0
      vertex 78.8263 0.61994 2
      vertex 78.5 0.401923 2
    endloop
  endfacet
  facet normal 0.555553 -0.831481 0
    outer loop
      vertex 78.8263 0.61994 2
      vertex 78.5 0.401923 0
      vertex 78.8263 0.61994 0
    endloop
  endfacet
  facet normal 0.751769 -0.659426 0
    outer loop
      vertex 79.1213 0.878679 2
      vertex 79.3801 1.17372 0
      vertex 79.3801 1.17372 2
    endloop
  endfacet
  facet normal 0.751769 -0.659426 0
    outer loop
      vertex 79.3801 1.17372 0
      vertex 79.1213 0.878679 2
      vertex 79.1213 0.878679 0
    endloop
  endfacet
  facet normal -0.980788 0.195079 0
    outer loop
      vertex 0.0256653 51.3916 0
      vertex 0.102222 51.7765 2
      vertex 0.102222 51.7765 0
    endloop
  endfacet
  facet normal -0.980788 0.195079 0
    outer loop
      vertex 0.102222 51.7765 2
      vertex 0.0256653 51.3916 0
      vertex 0.0256653 51.3916 2
    endloop
  endfacet
  facet normal -0.659426 0.751769 0
    outer loop
      vertex 1.17372 53.3801 0
      vertex 0.878679 53.1213 2
      vertex 1.17372 53.3801 2
    endloop
  endfacet
  facet normal -0.659426 0.751769 0
    outer loop
      vertex 0.878679 53.1213 2
      vertex 1.17372 53.3801 0
      vertex 0.878679 53.1213 0
    endloop
  endfacet
  facet normal -0.751801 0.65939 0
    outer loop
      vertex 0.61994 52.8263 0
      vertex 0.878679 53.1213 2
      vertex 0.878679 53.1213 0
    endloop
  endfacet
  facet normal -0.751801 0.65939 0
    outer loop
      vertex 0.878679 53.1213 2
      vertex 0.61994 52.8263 0
      vertex 0.61994 52.8263 2
    endloop
  endfacet
  facet normal -0.831481 0.555553 0
    outer loop
      vertex 0.401923 52.5 0
      vertex 0.61994 52.8263 2
      vertex 0.61994 52.8263 0
    endloop
  endfacet
  facet normal -0.831481 0.555553 0
    outer loop
      vertex 0.61994 52.8263 2
      vertex 0.401923 52.5 0
      vertex 0.401923 52.5 2
    endloop
  endfacet
  facet normal -0.946905 0.321512 0
    outer loop
      vertex 0.102222 51.7765 0
      vertex 0.228361 52.148 2
      vertex 0.228361 52.148 0
    endloop
  endfacet
  facet normal -0.946905 0.321512 0
    outer loop
      vertex 0.228361 52.148 2
      vertex 0.102222 51.7765 0
      vertex 0.102222 51.7765 2
    endloop
  endfacet
  facet normal -0.896873 -0.442288 0
    outer loop
      vertex 0.401923 1.5 0
      vertex 0.228361 1.85195 2
      vertex 0.228361 1.85195 0
    endloop
  endfacet
  facet normal -0.896873 -0.442288 0
    outer loop
      vertex 0.228361 1.85195 2
      vertex 0.401923 1.5 0
      vertex 0.401923 1.5 2
    endloop
  endfacet
  facet normal -0.44216 0.896936 0
    outer loop
      vertex 1.85195 53.7716 0
      vertex 1.5 53.5981 2
      vertex 1.85195 53.7716 2
    endloop
  endfacet
  facet normal -0.44216 0.896936 0
    outer loop
      vertex 1.5 53.5981 2
      vertex 1.85195 53.7716 0
      vertex 1.5 53.5981 0
    endloop
  endfacet
  facet normal -0.321582 0.946882 0
    outer loop
      vertex 2.22354 53.8978 0
      vertex 1.85195 53.7716 2
      vertex 2.22354 53.8978 2
    endloop
  endfacet
  facet normal -0.321582 0.946882 0
    outer loop
      vertex 1.85195 53.7716 2
      vertex 2.22354 53.8978 0
      vertex 1.85195 53.7716 0
    endloop
  endfacet
  facet normal 0.659478 0.751724 -0
    outer loop
      vertex 79.1213 53.1213 0
      vertex 78.8263 53.3801 2
      vertex 79.1213 53.1213 2
    endloop
  endfacet
  facet normal 0.659478 0.751724 0
    outer loop
      vertex 78.8263 53.3801 2
      vertex 79.1213 53.1213 0
      vertex 78.8263 53.3801 0
    endloop
  endfacet
  facet normal 0.44211 0.896961 -0
    outer loop
      vertex 78.5 53.5981 0
      vertex 78.148 53.7716 2
      vertex 78.5 53.5981 2
    endloop
  endfacet
  facet normal 0.44211 0.896961 0
    outer loop
      vertex 78.148 53.7716 2
      vertex 78.5 53.5981 0
      vertex 78.148 53.7716 0
    endloop
  endfacet
  facet normal 0.321651 0.946858 -0
    outer loop
      vertex 78.148 53.7716 0
      vertex 77.7765 53.8978 2
      vertex 78.148 53.7716 2
    endloop
  endfacet
  facet normal 0.321651 0.946858 0
    outer loop
      vertex 77.7765 53.8978 2
      vertex 78.148 53.7716 0
      vertex 77.7765 53.8978 0
    endloop
  endfacet
  facet normal 0.751724 0.659478 0
    outer loop
      vertex 79.3801 52.8263 2
      vertex 79.1213 53.1213 0
      vertex 79.1213 53.1213 2
    endloop
  endfacet
  facet normal 0.751724 0.659478 0
    outer loop
      vertex 79.1213 53.1213 0
      vertex 79.3801 52.8263 2
      vertex 79.3801 52.8263 0
    endloop
  endfacet
  facet normal 0.980815 0.19494 0
    outer loop
      vertex 79.9743 51.3916 2
      vertex 79.8978 51.7765 0
      vertex 79.8978 51.7765 2
    endloop
  endfacet
  facet normal 0.980815 0.19494 0
    outer loop
      vertex 79.8978 51.7765 0
      vertex 79.9743 51.3916 2
      vertex 79.9743 51.3916 0
    endloop
  endfacet
  facet normal 0.195079 -0.980788 0
    outer loop
      vertex 77.3916 0.0256653 0
      vertex 77.7765 0.102222 2
      vertex 77.3916 0.0256653 2
    endloop
  endfacet
  facet normal 0.195079 -0.980788 0
    outer loop
      vertex 77.7765 0.102222 2
      vertex 77.3916 0.0256653 0
      vertex 77.7765 0.102222 0
    endloop
  endfacet
  facet normal 0.442237 -0.896898 0
    outer loop
      vertex 78.148 0.228361 0
      vertex 78.5 0.401923 2
      vertex 78.148 0.228361 2
    endloop
  endfacet
  facet normal 0.442237 -0.896898 0
    outer loop
      vertex 78.5 0.401923 2
      vertex 78.148 0.228361 0
      vertex 78.5 0.401923 0
    endloop
  endfacet
  facet normal 0.65939 -0.751801 0
    outer loop
      vertex 78.8263 0.61994 0
      vertex 79.1213 0.878679 2
      vertex 78.8263 0.61994 2
    endloop
  endfacet
  facet normal 0.65939 -0.751801 0
    outer loop
      vertex 79.1213 0.878679 2
      vertex 78.8263 0.61994 0
      vertex 79.1213 0.878679 0
    endloop
  endfacet
  facet normal -0.555547 0.831485 0
    outer loop
      vertex 1.5 53.5981 0
      vertex 1.17372 53.3801 2
      vertex 1.5 53.5981 2
    endloop
  endfacet
  facet normal -0.555547 0.831485 0
    outer loop
      vertex 1.17372 53.3801 2
      vertex 1.5 53.5981 0
      vertex 1.17372 53.3801 0
    endloop
  endfacet
  facet normal -0.195089 -0.980786 0
    outer loop
      vertex 2.22354 0.102222 0
      vertex 2.60842 0.0256653 2
      vertex 2.22354 0.102222 2
    endloop
  endfacet
  facet normal -0.195089 -0.980786 -0
    outer loop
      vertex 2.60842 0.0256653 2
      vertex 2.22354 0.102222 0
      vertex 2.60842 0.0256653 0
    endloop
  endfacet
  facet normal -0.321442 -0.946929 0
    outer loop
      vertex 1.85195 0.228361 0
      vertex 2.22354 0.102222 2
      vertex 1.85195 0.228361 2
    endloop
  endfacet
  facet normal -0.321442 -0.946929 -0
    outer loop
      vertex 2.22354 0.102222 2
      vertex 1.85195 0.228361 0
      vertex 2.22354 0.102222 0
    endloop
  endfacet
  facet normal -0.555577 -0.831465 0
    outer loop
      vertex 1.17372 0.61994 0
      vertex 1.5 0.401923 2
      vertex 1.17372 0.61994 2
    endloop
  endfacet
  facet normal -0.555577 -0.831465 -0
    outer loop
      vertex 1.5 0.401923 2
      vertex 1.17372 0.61994 0
      vertex 1.5 0.401923 0
    endloop
  endfacet
  facet normal 0.0654873 0.997853 -0
    outer loop
      vertex 77.3916 53.9743 0
      vertex 77 54 2
      vertex 77.3916 53.9743 2
    endloop
  endfacet
  facet normal 0.0654873 0.997853 0
    outer loop
      vertex 77 54 2
      vertex 77.3916 53.9743 0
      vertex 77 54 0
    endloop
  endfacet
  facet normal 0.19494 0.980815 -0
    outer loop
      vertex 77.7765 53.8978 0
      vertex 77.3916 53.9743 2
      vertex 77.7765 53.8978 2
    endloop
  endfacet
  facet normal 0.19494 0.980815 0
    outer loop
      vertex 77.3916 53.9743 2
      vertex 77.7765 53.8978 0
      vertex 77.3916 53.9743 0
    endloop
  endfacet
  facet normal 0.831501 0.555523 0
    outer loop
      vertex 79.5981 52.5 2
      vertex 79.3801 52.8263 0
      vertex 79.3801 52.8263 2
    endloop
  endfacet
  facet normal 0.831501 0.555523 0
    outer loop
      vertex 79.3801 52.8263 0
      vertex 79.5981 52.5 2
      vertex 79.5981 52.5 0
    endloop
  endfacet
  facet normal 0.946858 0.321651 0
    outer loop
      vertex 79.8978 51.7765 2
      vertex 79.7716 52.148 0
      vertex 79.7716 52.148 2
    endloop
  endfacet
  facet normal 0.946858 0.321651 0
    outer loop
      vertex 79.7716 52.148 0
      vertex 79.8978 51.7765 2
      vertex 79.8978 51.7765 0
    endloop
  endfacet
  facet normal 1 -0 0
    outer loop
      vertex 29 21.5 2
      vertex 29 32.8 0
      vertex 29 32.8 2
    endloop
  endfacet
  facet normal 1 0 0
    outer loop
      vertex 29 32.8 0
      vertex 29 21.5 2
      vertex 29 21.5 0
    endloop
  endfacet
  facet normal -1 0 0
    outer loop
      vertex 51.3 21.5 0
      vertex 51.3 32.8 2
      vertex 51.3 32.8 0
    endloop
  endfacet
  facet normal -1 -0 0
    outer loop
      vertex 51.3 32.8 2
      vertex 51.3 21.5 0
      vertex 51.3 21.5 2
    endloop
  endfacet
  facet normal 0 -1 0
    outer loop
      vertex 29 32.8 0
      vertex 51.3 32.8 2
      vertex 29 32.8 2
    endloop
  endfacet
  facet normal 0 -1 -0
    outer loop
      vertex 51.3 32.8 2
      vertex 29 32.8 0
      vertex 51.3 32.8 0
    endloop
  endfacet
  facet normal 0 1 -0
    outer loop
      vertex 51.3 21.5 0
      vertex 29 21.5 2
      vertex 51.3 21.5 2
    endloop
  endfacet
  facet normal 0 1 0
    outer loop
      vertex 29 21.5 2
      vertex 51.3 21.5 0
      vertex 29 21.5 0
    endloop
  endfacet
  facet normal -1 0 0
    outer loop
      vertex 2.7 4.7 -2.99
      vertex 2.7 49.3 0
      vertex 2.7 49.3 -2.99
    endloop
  endfacet
  facet normal -1 -0 0
    outer loop
      vertex 2.7 49.3 0
      vertex 2.7 4.7 -2.99
      vertex 2.7 4.7 0
    endloop
  endfacet
  facet normal 0 -1 0
    outer loop
      vertex 4.7 2.7 -2.99
      vertex 75.3 2.7 0
      vertex 4.7 2.7 0
    endloop
  endfacet
  facet normal 0 -1 -0
    outer loop
      vertex 75.3 2.7 0
      vertex 4.7 2.7 -2.99
      vertex 75.3 2.7 -2.99
    endloop
  endfacet
  facet normal -0.0653646 0.997861 0
    outer loop
      vertex 4.7 51.3 -2.99
      vertex 4.43895 51.2829 0
      vertex 4.7 51.3 0
    endloop
  endfacet
  facet normal -0.0653646 0.997861 0
    outer loop
      vertex 4.43895 51.2829 0
      vertex 4.7 51.3 -2.99
      vertex 4.43895 51.2829 -2.99
    endloop
  endfacet
  facet normal 0.0653902 -0.99786 0
    outer loop
      vertex 75.3 2.7 -2.99
      vertex 75.5611 2.71711 0
      vertex 75.3 2.7 0
    endloop
  endfacet
  facet normal 0.0653902 -0.99786 0
    outer loop
      vertex 75.5611 2.71711 0
      vertex 75.3 2.7 -2.99
      vertex 75.5611 2.71711 -2.99
    endloop
  endfacet
  facet normal -0.751826 -0.659362 0
    outer loop
      vertex 3.28579 3.28579 -2.99
      vertex 3.11329 3.48248 0
      vertex 3.11329 3.48248 -2.99
    endloop
  endfacet
  facet normal -0.751826 -0.659362 0
    outer loop
      vertex 3.11329 3.48248 0
      vertex 3.28579 3.28579 -2.99
      vertex 3.28579 3.28579 0
    endloop
  endfacet
  facet normal -0.442268 0.896883 0
    outer loop
      vertex 3.93463 51.1478 -2.99
      vertex 3.7 51.0321 0
      vertex 3.93463 51.1478 0
    endloop
  endfacet
  facet normal -0.442268 0.896883 0
    outer loop
      vertex 3.7 51.0321 0
      vertex 3.93463 51.1478 -2.99
      vertex 3.7 51.0321 -2.99
    endloop
  endfacet
  facet normal 1 -0 0
    outer loop
      vertex 77.3 4.7 0
      vertex 77.3 49.3 -2.99
      vertex 77.3 49.3 0
    endloop
  endfacet
  facet normal 1 0 0
    outer loop
      vertex 77.3 49.3 -2.99
      vertex 77.3 4.7 0
      vertex 77.3 4.7 -2.99
    endloop
  endfacet
  facet normal -0.555723 0.831368 0
    outer loop
      vertex 3.7 51.0321 -2.99
      vertex 3.48248 50.8867 0
      vertex 3.7 51.0321 0
    endloop
  endfacet
  facet normal -0.555723 0.831368 0
    outer loop
      vertex 3.48248 50.8867 0
      vertex 3.7 51.0321 -2.99
      vertex 3.48248 50.8867 -2.99
    endloop
  endfacet
  facet normal 0.659343 0.751842 -0
    outer loop
      vertex 76.7142 50.7142 -2.99
      vertex 76.5175 50.8867 0
      vertex 76.7142 50.7142 0
    endloop
  endfacet
  facet normal 0.659343 0.751842 0
    outer loop
      vertex 76.5175 50.8867 0
      vertex 76.7142 50.7142 -2.99
      vertex 76.5175 50.8867 -2.99
    endloop
  endfacet
  facet normal 0 0 -1
    outer loop
      vertex 75.832 4.9 -2.99
      vertex 77.3 4.7 -2.99
      vertex 77.2829 4.43895 -2.99
    endloop
  endfacet
  facet normal 0 0 -1
    outer loop
      vertex 77.3 4.7 -2.99
      vertex 76.1 5.9 -2.99
      vertex 77.3 49.3 -2.99
    endloop
  endfacet
  facet normal 0 0 -1
    outer loop
      vertex 75.832 4.9 -2.99
      vertex 77.2829 4.43895 -2.99
      vertex 77.2318 4.18236 -2.99
    endloop
  endfacet
  facet normal 0 0 -1
    outer loop
      vertex 76.1 48.1 -2.99
      vertex 77.3 49.3 -2.99
      vertex 76.1 5.9 -2.99
    endloop
  endfacet
  facet normal 0 0 -1
    outer loop
      vertex 75.6867 4.68248 -2.99
      vertex 77.2318 4.18236 -2.99
      vertex 77.1478 3.93463 -2.99
    endloop
  endfacet
  facet normal 0 0 -1
    outer loop
      vertex 76.0829 48.3611 -2.99
      vertex 77.3 49.3 -2.99
      vertex 76.1 48.1 -2.99
    endloop
  endfacet
  facet normal 0 0 -1
    outer loop
      vertex 75.6867 4.68248 -2.99
      vertex 77.1478 3.93463 -2.99
      vertex 77.0321 3.7 -2.99
    endloop
  endfacet
  facet normal 0 0 -1
    outer loop
      vertex 76.0319 48.6176 -2.99
      vertex 77.3 49.3 -2.99
      vertex 76.0829 48.3611 -2.99
    endloop
  endfacet
  facet normal 0 0 -1
    outer loop
      vertex 75.6867 4.68248 -2.99
      vertex 77.0321 3.7 -2.99
      vertex 76.8867 3.48248 -2.99
    endloop
  endfacet
  facet normal 0 0 -1
    outer loop
      vertex 75.9478 48.8654 -2.99
      vertex 77.3 49.3 -2.99
      vertex 76.0319 48.6176 -2.99
    endloop
  endfacet
  facet normal 0 0 -1
    outer loop
      vertex 75.5142 4.48579 -2.99
      vertex 76.8867 3.48248 -2.99
      vertex 76.7142 3.28579 -2.99
    endloop
  endfacet
  facet normal 0 0 -1
    outer loop
      vertex 75.832 49.1 -2.99
      vertex 77.3 49.3 -2.99
      vertex 75.9478 48.8654 -2.99
    endloop
  endfacet
  facet normal 0 0 -1
    outer loop
      vertex 75.5142 4.48579 -2.99
      vertex 76.7142 3.28579 -2.99
      vertex 76.5175 3.11329 -2.99
    endloop
  endfacet
  facet normal -0 0 -1
    outer loop
      vertex 77.3 49.3 -2.99
      vertex 75.832 49.1 -2.99
      vertex 77.2829 49.5611 -2.99
    endloop
  endfacet
  facet normal 0 0 -1
    outer loop
      vertex 75.3175 4.31329 -2.99
      vertex 76.5175 3.11329 -2.99
      vertex 76.3 2.96795 -2.99
    endloop
  endfacet
  facet normal -0 0 -1
    outer loop
      vertex 77.2829 49.5611 -2.99
      vertex 75.832 49.1 -2.99
      vertex 77.2318 49.8176 -2.99
    endloop
  endfacet
  facet normal 0 0 -1
    outer loop
      vertex 75.6867 49.3175 -2.99
      vertex 77.2318 49.8176 -2.99
      vertex 75.832 49.1 -2.99
    endloop
  endfacet
  facet normal 0 0 -1
    outer loop
      vertex 77.3 4.7 -2.99
      vertex 76.0829 5.63895 -2.99
      vertex 76.1 5.9 -2.99
    endloop
  endfacet
  facet normal 0 0 -1
    outer loop
      vertex 75.3175 4.31329 -2.99
      vertex 76.3 2.96795 -2.99
      vertex 76.0654 2.85224 -2.99
    endloop
  endfacet
  facet normal 0 0 -1
    outer loop
      vertex 77.3 4.7 -2.99
      vertex 76.0319 5.38236 -2.99
      vertex 76.0829 5.63895 -2.99
    endloop
  endfacet
  facet normal 0 0 -1
    outer loop
      vertex 77.3 4.7 -2.99
      vertex 75.9478 5.13463 -2.99
      vertex 76.0319 5.38236 -2.99
    endloop
  endfacet
  facet normal 0 0 -1
    outer loop
      vertex 77.3 4.7 -2.99
      vertex 75.832 4.9 -2.99
      vertex 75.9478 5.13463 -2.99
    endloop
  endfacet
  facet normal 0 0 -1
    outer loop
      vertex 75.3175 4.31329 -2.99
      vertex 76.0654 2.85224 -2.99
      vertex 75.8176 2.76815 -2.99
    endloop
  endfacet
  facet normal 0 0 -1
    outer loop
      vertex 77.2318 4.18236 -2.99
      vertex 75.6867 4.68248 -2.99
      vertex 75.832 4.9 -2.99
    endloop
  endfacet
  facet normal 0 0 -1
    outer loop
      vertex 75.1 4.16795 -2.99
      vertex 75.8176 2.76815 -2.99
      vertex 75.5611 2.71711 -2.99
    endloop
  endfacet
  facet normal 0 0 -1
    outer loop
      vertex 76.8867 3.48248 -2.99
      vertex 75.5142 4.48579 -2.99
      vertex 75.6867 4.68248 -2.99
    endloop
  endfacet
  facet normal 0 0 -1
    outer loop
      vertex 76.5175 3.11329 -2.99
      vertex 75.3175 4.31329 -2.99
      vertex 75.5142 4.48579 -2.99
    endloop
  endfacet
  facet normal 0 0 -1
    outer loop
      vertex 75.1 4.16795 -2.99
      vertex 75.5611 2.71711 -2.99
      vertex 75.3 2.7 -2.99
    endloop
  endfacet
  facet normal 0 0 -1
    outer loop
      vertex 75.8176 2.76815 -2.99
      vertex 75.1 4.16795 -2.99
      vertex 75.3175 4.31329 -2.99
    endloop
  endfacet
  facet normal 0 0 -1
    outer loop
      vertex 75.3 2.7 -2.99
      vertex 74.8654 4.05224 -2.99
      vertex 75.1 4.16795 -2.99
    endloop
  endfacet
  facet normal 0 0 -1
    outer loop
      vertex 75.3 2.7 -2.99
      vertex 74.6176 3.96815 -2.99
      vertex 74.8654 4.05224 -2.99
    endloop
  endfacet
  facet normal 0 0 -1
    outer loop
      vertex 75.3 2.7 -2.99
      vertex 74.3611 3.91711 -2.99
      vertex 74.6176 3.96815 -2.99
    endloop
  endfacet
  facet normal 0 0 -1
    outer loop
      vertex 75.3 2.7 -2.99
      vertex 74.1 3.9 -2.99
      vertex 74.3611 3.91711 -2.99
    endloop
  endfacet
  facet normal 0 0 -1
    outer loop
      vertex 75.3 2.7 -2.99
      vertex 5.9 3.9 -2.99
      vertex 74.1 3.9 -2.99
    endloop
  endfacet
  facet normal 0 0 -1
    outer loop
      vertex 4.7 2.7 -2.99
      vertex 5.9 3.9 -2.99
      vertex 75.3 2.7 -2.99
    endloop
  endfacet
  facet normal 0 0 -1
    outer loop
      vertex 4.7 2.7 -2.99
      vertex 5.63895 3.91711 -2.99
      vertex 5.9 3.9 -2.99
    endloop
  endfacet
  facet normal 0 0 -1
    outer loop
      vertex 4.7 2.7 -2.99
      vertex 5.38236 3.96815 -2.99
      vertex 5.63895 3.91711 -2.99
    endloop
  endfacet
  facet normal 0 0 -1
    outer loop
      vertex 4.7 2.7 -2.99
      vertex 5.13463 4.05224 -2.99
      vertex 5.38236 3.96815 -2.99
    endloop
  endfacet
  facet normal 0 0 -1
    outer loop
      vertex 4.7 2.7 -2.99
      vertex 4.9 4.16795 -2.99
      vertex 5.13463 4.05224 -2.99
    endloop
  endfacet
  facet normal 0 0 -1
    outer loop
      vertex 4.43895 2.71711 -2.99
      vertex 4.9 4.16795 -2.99
      vertex 4.7 2.7 -2.99
    endloop
  endfacet
  facet normal 0 0 -1
    outer loop
      vertex 4.18236 2.76815 -2.99
      vertex 4.9 4.16795 -2.99
      vertex 4.43895 2.71711 -2.99
    endloop
  endfacet
  facet normal -0 0 -1
    outer loop
      vertex 4.9 4.16795 -2.99
      vertex 4.18236 2.76815 -2.99
      vertex 4.68248 4.31329 -2.99
    endloop
  endfacet
  facet normal 0 0 -1
    outer loop
      vertex 3.93463 2.85224 -2.99
      vertex 4.68248 4.31329 -2.99
      vertex 4.18236 2.76815 -2.99
    endloop
  endfacet
  facet normal 0 0 -1
    outer loop
      vertex 3.7 2.96795 -2.99
      vertex 4.68248 4.31329 -2.99
      vertex 3.93463 2.85224 -2.99
    endloop
  endfacet
  facet normal 0 0 -1
    outer loop
      vertex 3.48248 3.11329 -2.99
      vertex 4.68248 4.31329 -2.99
      vertex 3.7 2.96795 -2.99
    endloop
  endfacet
  facet normal -0 0 -1
    outer loop
      vertex 4.68248 4.31329 -2.99
      vertex 3.48248 3.11329 -2.99
      vertex 4.48579 4.48579 -2.99
    endloop
  endfacet
  facet normal 0 0 -1
    outer loop
      vertex 3.28579 3.28579 -2.99
      vertex 4.48579 4.48579 -2.99
      vertex 3.48248 3.11329 -2.99
    endloop
  endfacet
  facet normal 0 0 -1
    outer loop
      vertex 3.11329 3.48248 -2.99
      vertex 4.48579 4.48579 -2.99
      vertex 3.28579 3.28579 -2.99
    endloop
  endfacet
  facet normal -0 0 -1
    outer loop
      vertex 4.48579 4.48579 -2.99
      vertex 3.11329 3.48248 -2.99
      vertex 4.31329 4.68248 -2.99
    endloop
  endfacet
  facet normal 0 0 -1
    outer loop
      vertex 2.96795 3.7 -2.99
      vertex 4.31329 4.68248 -2.99
      vertex 3.11329 3.48248 -2.99
    endloop
  endfacet
  facet normal 0 0 -1
    outer loop
      vertex 2.76815 4.18236 -2.99
      vertex 4.31329 4.68248 -2.99
      vertex 2.85224 3.93463 -2.99
    endloop
  endfacet
  facet normal 0 0 -1
    outer loop
      vertex 2.85224 3.93463 -2.99
      vertex 4.31329 4.68248 -2.99
      vertex 2.96795 3.7 -2.99
    endloop
  endfacet
  facet normal -0 0 -1
    outer loop
      vertex 77.2318 49.8176 -2.99
      vertex 75.6867 49.3175 -2.99
      vertex 77.1478 50.0654 -2.99
    endloop
  endfacet
  facet normal -0 0 -1
    outer loop
      vertex 77.1478 50.0654 -2.99
      vertex 75.6867 49.3175 -2.99
      vertex 77.0321 50.3 -2.99
    endloop
  endfacet
  facet normal -0 0 -1
    outer loop
      vertex 77.0321 50.3 -2.99
      vertex 75.6867 49.3175 -2.99
      vertex 76.8867 50.5175 -2.99
    endloop
  endfacet
  facet normal 0 0 -1
    outer loop
      vertex 75.5142 49.5142 -2.99
      vertex 76.8867 50.5175 -2.99
      vertex 75.6867 49.3175 -2.99
    endloop
  endfacet
  facet normal -0 0 -1
    outer loop
      vertex 76.8867 50.5175 -2.99
      vertex 75.5142 49.5142 -2.99
      vertex 76.7142 50.7142 -2.99
    endloop
  endfacet
  facet normal -0 0 -1
    outer loop
      vertex 76.7142 50.7142 -2.99
      vertex 75.5142 49.5142 -2.99
      vertex 76.5175 50.8867 -2.99
    endloop
  endfacet
  facet normal 0 0 -1
    outer loop
      vertex 75.3175 49.6867 -2.99
      vertex 76.5175 50.8867 -2.99
      vertex 75.5142 49.5142 -2.99
    endloop
  endfacet
  facet normal -0 0 -1
    outer loop
      vertex 76.5175 50.8867 -2.99
      vertex 75.3175 49.6867 -2.99
      vertex 76.3 51.0321 -2.99
    endloop
  endfacet
  facet normal -0 0 -1
    outer loop
      vertex 76.3 51.0321 -2.99
      vertex 75.3175 49.6867 -2.99
      vertex 76.0654 51.1478 -2.99
    endloop
  endfacet
  facet normal -0 0 -1
    outer loop
      vertex 76.0654 51.1478 -2.99
      vertex 75.3175 49.6867 -2.99
      vertex 75.8176 51.2318 -2.99
    endloop
  endfacet
  facet normal 0 0 -1
    outer loop
      vertex 75.1 49.8321 -2.99
      vertex 75.8176 51.2318 -2.99
      vertex 75.3175 49.6867 -2.99
    endloop
  endfacet
  facet normal -0 0 -1
    outer loop
      vertex 75.8176 51.2318 -2.99
      vertex 75.1 49.8321 -2.99
      vertex 75.5611 51.2829 -2.99
    endloop
  endfacet
  facet normal -0 0 -1
    outer loop
      vertex 75.5611 51.2829 -2.99
      vertex 75.1 49.8321 -2.99
      vertex 75.3 51.3 -2.99
    endloop
  endfacet
  facet normal 0 0 -1
    outer loop
      vertex 74.8654 49.9478 -2.99
      vertex 75.3 51.3 -2.99
      vertex 75.1 49.8321 -2.99
    endloop
  endfacet
  facet normal 0 0 -1
    outer loop
      vertex 74.6176 50.0319 -2.99
      vertex 75.3 51.3 -2.99
      vertex 74.8654 49.9478 -2.99
    endloop
  endfacet
  facet normal 0 0 -1
    outer loop
      vertex 74.3611 50.0829 -2.99
      vertex 75.3 51.3 -2.99
      vertex 74.6176 50.0319 -2.99
    endloop
  endfacet
  facet normal 0 0 -1
    outer loop
      vertex 74.1 50.1 -2.99
      vertex 75.3 51.3 -2.99
      vertex 74.3611 50.0829 -2.99
    endloop
  endfacet
  facet normal 0 0 -1
    outer loop
      vertex 5.9 50.1 -2.99
      vertex 75.3 51.3 -2.99
      vertex 74.1 50.1 -2.99
    endloop
  endfacet
  facet normal 0 0 -1
    outer loop
      vertex 5.9 50.1 -2.99
      vertex 4.7 51.3 -2.99
      vertex 75.3 51.3 -2.99
    endloop
  endfacet
  facet normal 0 0 -1
    outer loop
      vertex 5.63895 50.0829 -2.99
      vertex 4.7 51.3 -2.99
      vertex 5.9 50.1 -2.99
    endloop
  endfacet
  facet normal 0 0 -1
    outer loop
      vertex 5.38236 50.0319 -2.99
      vertex 4.7 51.3 -2.99
      vertex 5.63895 50.0829 -2.99
    endloop
  endfacet
  facet normal 0 0 -1
    outer loop
      vertex 5.13463 49.9478 -2.99
      vertex 4.7 51.3 -2.99
      vertex 5.38236 50.0319 -2.99
    endloop
  endfacet
  facet normal 0 0 -1
    outer loop
      vertex 4.9 49.8321 -2.99
      vertex 4.7 51.3 -2.99
      vertex 5.13463 49.9478 -2.99
    endloop
  endfacet
  facet normal 0 0 -1
    outer loop
      vertex 4.18236 51.2318 -2.99
      vertex 4.9 49.8321 -2.99
      vertex 4.68248 49.6867 -2.99
    endloop
  endfacet
  facet normal 0 0 -1
    outer loop
      vertex 3.48248 50.8867 -2.99
      vertex 4.68248 49.6867 -2.99
      vertex 4.48579 49.5142 -2.99
    endloop
  endfacet
  facet normal 0 0 -1
    outer loop
      vertex 4.9 49.8321 -2.99
      vertex 4.43895 51.2829 -2.99
      vertex 4.7 51.3 -2.99
    endloop
  endfacet
  facet normal 0 0 -1
    outer loop
      vertex 3.11329 50.5175 -2.99
      vertex 4.48579 49.5142 -2.99
      vertex 4.31329 49.3175 -2.99
    endloop
  endfacet
  facet normal 0 0 -1
    outer loop
      vertex 4.9 49.8321 -2.99
      vertex 4.18236 51.2318 -2.99
      vertex 4.43895 51.2829 -2.99
    endloop
  endfacet
  facet normal 0 0 -1
    outer loop
      vertex 2.76815 49.8176 -2.99
      vertex 4.31329 49.3175 -2.99
      vertex 4.16795 49.1 -2.99
    endloop
  endfacet
  facet normal 0 0 -1
    outer loop
      vertex 2.7 49.3 -2.99
      vertex 4.16795 49.1 -2.99
      vertex 4.05224 48.8654 -2.99
    endloop
  endfacet
  facet normal 0 0 -1
    outer loop
      vertex 2.7 49.3 -2.99
      vertex 4.05224 48.8654 -2.99
      vertex 3.96815 48.6176 -2.99
    endloop
  endfacet
  facet normal 0 0 -1
    outer loop
      vertex 4.68248 49.6867 -2.99
      vertex 3.93463 51.1478 -2.99
      vertex 4.18236 51.2318 -2.99
    endloop
  endfacet
  facet normal 0 0 -1
    outer loop
      vertex 2.7 49.3 -2.99
      vertex 3.96815 48.6176 -2.99
      vertex 3.91711 48.3611 -2.99
    endloop
  endfacet
  facet normal 0 0 -1
    outer loop
      vertex 2.7 49.3 -2.99
      vertex 3.91711 48.3611 -2.99
      vertex 3.9 48.1 -2.99
    endloop
  endfacet
  facet normal 0 0 -1
    outer loop
      vertex 4.68248 49.6867 -2.99
      vertex 3.7 51.0321 -2.99
      vertex 3.93463 51.1478 -2.99
    endloop
  endfacet
  facet normal -0 0 -1
    outer loop
      vertex 3.9 5.9 -2.99
      vertex 2.7 4.7 -2.99
      vertex 3.9 48.1 -2.99
    endloop
  endfacet
  facet normal -0 0 -1
    outer loop
      vertex 4.31329 4.68248 -2.99
      vertex 2.76815 4.18236 -2.99
      vertex 4.16795 4.9 -2.99
    endloop
  endfacet
  facet normal 0 0 -1
    outer loop
      vertex 2.7 49.3 -2.99
      vertex 3.9 48.1 -2.99
      vertex 2.7 4.7 -2.99
    endloop
  endfacet
  facet normal 0 0 -1
    outer loop
      vertex 2.71711 4.43895 -2.99
      vertex 4.16795 4.9 -2.99
      vertex 2.76815 4.18236 -2.99
    endloop
  endfacet
  facet normal 0 0 -1
    outer loop
      vertex 4.16795 49.1 -2.99
      vertex 2.7 49.3 -2.99
      vertex 2.71711 49.5611 -2.99
    endloop
  endfacet
  facet normal 0 0 -1
    outer loop
      vertex 2.7 4.7 -2.99
      vertex 4.16795 4.9 -2.99
      vertex 2.71711 4.43895 -2.99
    endloop
  endfacet
  facet normal 0 0 -1
    outer loop
      vertex 4.68248 49.6867 -2.99
      vertex 3.48248 50.8867 -2.99
      vertex 3.7 51.0321 -2.99
    endloop
  endfacet
  facet normal -0 0 -1
    outer loop
      vertex 4.16795 4.9 -2.99
      vertex 2.7 4.7 -2.99
      vertex 4.05224 5.13463 -2.99
    endloop
  endfacet
  facet normal 0 0 -1
    outer loop
      vertex 4.48579 49.5142 -2.99
      vertex 3.28579 50.7142 -2.99
      vertex 3.48248 50.8867 -2.99
    endloop
  endfacet
  facet normal -0 0 -1
    outer loop
      vertex 4.05224 5.13463 -2.99
      vertex 2.7 4.7 -2.99
      vertex 3.96815 5.38236 -2.99
    endloop
  endfacet
  facet normal 0 0 -1
    outer loop
      vertex 4.48579 49.5142 -2.99
      vertex 3.11329 50.5175 -2.99
      vertex 3.28579 50.7142 -2.99
    endloop
  endfacet
  facet normal -0 0 -1
    outer loop
      vertex 3.96815 5.38236 -2.99
      vertex 2.7 4.7 -2.99
      vertex 3.91711 5.63895 -2.99
    endloop
  endfacet
  facet normal 0 0 -1
    outer loop
      vertex 4.31329 49.3175 -2.99
      vertex 2.96795 50.3 -2.99
      vertex 3.11329 50.5175 -2.99
    endloop
  endfacet
  facet normal -0 0 -1
    outer loop
      vertex 3.91711 5.63895 -2.99
      vertex 2.7 4.7 -2.99
      vertex 3.9 5.9 -2.99
    endloop
  endfacet
  facet normal 0 0 -1
    outer loop
      vertex 4.31329 49.3175 -2.99
      vertex 2.85224 50.0654 -2.99
      vertex 2.96795 50.3 -2.99
    endloop
  endfacet
  facet normal 0 0 -1
    outer loop
      vertex 4.31329 49.3175 -2.99
      vertex 2.76815 49.8176 -2.99
      vertex 2.85224 50.0654 -2.99
    endloop
  endfacet
  facet normal 0 0 -1
    outer loop
      vertex 4.16795 49.1 -2.99
      vertex 2.71711 49.5611 -2.99
      vertex 2.76815 49.8176 -2.99
    endloop
  endfacet
  facet normal -0.442299 -0.896868 0
    outer loop
      vertex 3.7 2.96795 -2.99
      vertex 3.93463 2.85224 0
      vertex 3.7 2.96795 0
    endloop
  endfacet
  facet normal -0.442299 -0.896868 -0
    outer loop
      vertex 3.93463 2.85224 0
      vertex 3.7 2.96795 -2.99
      vertex 3.93463 2.85224 -2.99
    endloop
  endfacet
  facet normal 0 1 -0
    outer loop
      vertex 75.3 51.3 -2.99
      vertex 4.7 51.3 0
      vertex 75.3 51.3 0
    endloop
  endfacet
  facet normal 0 1 0
    outer loop
      vertex 4.7 51.3 0
      vertex 75.3 51.3 -2.99
      vertex 4.7 51.3 -2.99
    endloop
  endfacet
  facet normal 0.831344 0.555758 0
    outer loop
      vertex 77.0321 50.3 0
      vertex 76.8867 50.5175 -2.99
      vertex 76.8867 50.5175 0
    endloop
  endfacet
  facet normal 0.831344 0.555758 0
    outer loop
      vertex 76.8867 50.5175 -2.99
      vertex 77.0321 50.3 0
      vertex 77.0321 50.3 -2.99
    endloop
  endfacet
  facet normal -0.0654027 -0.997859 0
    outer loop
      vertex 4.43895 2.71711 -2.99
      vertex 4.7 2.7 0
      vertex 4.43895 2.71711 0
    endloop
  endfacet
  facet normal -0.0654027 -0.997859 -0
    outer loop
      vertex 4.7 2.7 0
      vertex 4.43895 2.71711 -2.99
      vertex 4.7 2.7 -2.99
    endloop
  endfacet
  facet normal -0.946934 -0.321429 0
    outer loop
      vertex 2.85224 3.93463 -2.99
      vertex 2.76815 4.18236 0
      vertex 2.76815 4.18236 -2.99
    endloop
  endfacet
  facet normal -0.946934 -0.321429 0
    outer loop
      vertex 2.76815 4.18236 0
      vertex 2.85224 3.93463 -2.99
      vertex 2.85224 3.93463 0
    endloop
  endfacet
  facet normal -0.997859 -0.0654027 0
    outer loop
      vertex 2.71711 4.43895 -2.99
      vertex 2.7 4.7 0
      vertex 2.7 4.7 -2.99
    endloop
  endfacet
  facet normal -0.997859 -0.0654027 0
    outer loop
      vertex 2.7 4.7 0
      vertex 2.71711 4.43895 -2.99
      vertex 2.71711 4.43895 0
    endloop
  endfacet
  facet normal -0.980784 -0.195094 0
    outer loop
      vertex 2.76815 4.18236 -2.99
      vertex 2.71711 4.43895 0
      vertex 2.71711 4.43895 -2.99
    endloop
  endfacet
  facet normal -0.980784 -0.195094 0
    outer loop
      vertex 2.71711 4.43895 0
      vertex 2.76815 4.18236 -2.99
      vertex 2.76815 4.18236 0
    endloop
  endfacet
  facet normal -0.896868 -0.442299 0
    outer loop
      vertex 2.96795 3.7 -2.99
      vertex 2.85224 3.93463 0
      vertex 2.85224 3.93463 -2.99
    endloop
  endfacet
  facet normal -0.896868 -0.442299 0
    outer loop
      vertex 2.85224 3.93463 0
      vertex 2.96795 3.7 -2.99
      vertex 2.96795 3.7 0
    endloop
  endfacet
  facet normal -0.831474 -0.555564 0
    outer loop
      vertex 3.11329 3.48248 -2.99
      vertex 2.96795 3.7 0
      vertex 2.96795 3.7 -2.99
    endloop
  endfacet
  facet normal -0.831474 -0.555564 0
    outer loop
      vertex 2.96795 3.7 0
      vertex 3.11329 3.48248 -2.99
      vertex 3.11329 3.48248 0
    endloop
  endfacet
  facet normal -0.659362 -0.751826 0
    outer loop
      vertex 3.28579 3.28579 -2.99
      vertex 3.48248 3.11329 0
      vertex 3.28579 3.28579 0
    endloop
  endfacet
  facet normal -0.659362 -0.751826 -0
    outer loop
      vertex 3.48248 3.11329 0
      vertex 3.28579 3.28579 -2.99
      vertex 3.48248 3.11329 -2.99
    endloop
  endfacet
  facet normal -0.321429 -0.946934 0
    outer loop
      vertex 3.93463 2.85224 -2.99
      vertex 4.18236 2.76815 0
      vertex 3.93463 2.85224 0
    endloop
  endfacet
  facet normal -0.321429 -0.946934 -0
    outer loop
      vertex 4.18236 2.76815 0
      vertex 3.93463 2.85224 -2.99
      vertex 4.18236 2.76815 -2.99
    endloop
  endfacet
  facet normal -0.659362 0.751826 0
    outer loop
      vertex 3.48248 50.8867 -2.99
      vertex 3.28579 50.7142 0
      vertex 3.48248 50.8867 0
    endloop
  endfacet
  facet normal -0.659362 0.751826 0
    outer loop
      vertex 3.28579 50.7142 0
      vertex 3.48248 50.8867 -2.99
      vertex 3.28579 50.7142 -2.99
    endloop
  endfacet
  facet normal 0.442314 0.89686 -0
    outer loop
      vertex 76.3 51.0321 -2.99
      vertex 76.0654 51.1478 0
      vertex 76.3 51.0321 0
    endloop
  endfacet
  facet normal 0.442314 0.89686 0
    outer loop
      vertex 76.0654 51.1478 0
      vertex 76.3 51.0321 -2.99
      vertex 76.0654 51.1478 -2.99
    endloop
  endfacet
  facet normal 0.555758 0.831344 -0
    outer loop
      vertex 76.5175 50.8867 -2.99
      vertex 76.3 51.0321 0
      vertex 76.5175 50.8867 0
    endloop
  endfacet
  facet normal 0.555758 0.831344 0
    outer loop
      vertex 76.3 51.0321 0
      vertex 76.5175 50.8867 -2.99
      vertex 76.3 51.0321 -2.99
    endloop
  endfacet
  facet normal 0.0653521 0.997862 -0
    outer loop
      vertex 75.5611 51.2829 -2.99
      vertex 75.3 51.3 0
      vertex 75.5611 51.2829 0
    endloop
  endfacet
  facet normal 0.0653521 0.997862 0
    outer loop
      vertex 75.3 51.3 0
      vertex 75.5611 51.2829 -2.99
      vertex 75.3 51.3 -2.99
    endloop
  endfacet
  facet normal 0.947066 0.321039 0
    outer loop
      vertex 77.2318 49.8176 0
      vertex 77.1478 50.0654 -2.99
      vertex 77.1478 50.0654 0
    endloop
  endfacet
  facet normal 0.947066 0.321039 0
    outer loop
      vertex 77.1478 50.0654 -2.99
      vertex 77.2318 49.8176 0
      vertex 77.2318 49.8176 -2.99
    endloop
  endfacet
  facet normal 0.751842 0.659343 0
    outer loop
      vertex 76.8867 50.5175 0
      vertex 76.7142 50.7142 -2.99
      vertex 76.7142 50.7142 0
    endloop
  endfacet
  facet normal 0.751842 0.659343 0
    outer loop
      vertex 76.7142 50.7142 -2.99
      vertex 76.8867 50.5175 0
      vertex 76.8867 50.5175 -2.99
    endloop
  endfacet
  facet normal 0.997861 -0.0653646 0
    outer loop
      vertex 77.2829 4.43895 0
      vertex 77.3 4.7 -2.99
      vertex 77.3 4.7 0
    endloop
  endfacet
  facet normal 0.997861 -0.0653646 0
    outer loop
      vertex 77.3 4.7 -2.99
      vertex 77.2829 4.43895 0
      vertex 77.2829 4.43895 -2.99
    endloop
  endfacet
  facet normal 0.5556 -0.83145 0
    outer loop
      vertex 76.3 2.96795 -2.99
      vertex 76.5175 3.11329 0
      vertex 76.3 2.96795 0
    endloop
  endfacet
  facet normal 0.5556 -0.83145 0
    outer loop
      vertex 76.5175 3.11329 0
      vertex 76.3 2.96795 -2.99
      vertex 76.5175 3.11329 -2.99
    endloop
  endfacet
  facet normal -0.555564 -0.831474 0
    outer loop
      vertex 3.48248 3.11329 -2.99
      vertex 3.7 2.96795 0
      vertex 3.48248 3.11329 0
    endloop
  endfacet
  facet normal -0.555564 -0.831474 -0
    outer loop
      vertex 3.7 2.96795 0
      vertex 3.48248 3.11329 -2.99
      vertex 3.7 2.96795 -2.99
    endloop
  endfacet
  facet normal -0.195094 -0.980784 0
    outer loop
      vertex 4.18236 2.76815 -2.99
      vertex 4.43895 2.71711 0
      vertex 4.18236 2.76815 0
    endloop
  endfacet
  facet normal -0.195094 -0.980784 -0
    outer loop
      vertex 4.43895 2.71711 0
      vertex 4.18236 2.76815 -2.99
      vertex 4.43895 2.71711 -2.99
    endloop
  endfacet
  facet normal -0.896845 0.442344 0
    outer loop
      vertex 2.85224 50.0654 -2.99
      vertex 2.96795 50.3 0
      vertex 2.96795 50.3 -2.99
    endloop
  endfacet
  facet normal -0.896845 0.442344 0
    outer loop
      vertex 2.96795 50.3 0
      vertex 2.85224 50.0654 -2.99
      vertex 2.85224 50.0654 0
    endloop
  endfacet
  facet normal -0.99786 0.0653902 0
    outer loop
      vertex 2.7 49.3 -2.99
      vertex 2.71711 49.5611 0
      vertex 2.71711 49.5611 -2.99
    endloop
  endfacet
  facet normal -0.99786 0.0653902 0
    outer loop
      vertex 2.71711 49.5611 0
      vertex 2.7 49.3 -2.99
      vertex 2.7 49.3 0
    endloop
  endfacet
  facet normal -0.321121 0.947038 0
    outer loop
      vertex 4.18236 51.2318 -2.99
      vertex 3.93463 51.1478 0
      vertex 4.18236 51.2318 0
    endloop
  endfacet
  facet normal -0.321121 0.947038 0
    outer loop
      vertex 3.93463 51.1478 0
      vertex 4.18236 51.2318 -2.99
      vertex 3.93463 51.1478 -2.99
    endloop
  endfacet
  facet normal -0.195315 0.980741 0
    outer loop
      vertex 4.43895 51.2829 -2.99
      vertex 4.18236 51.2318 0
      vertex 4.43895 51.2829 0
    endloop
  endfacet
  facet normal -0.195315 0.980741 0
    outer loop
      vertex 4.18236 51.2318 0
      vertex 4.43895 51.2829 -2.99
      vertex 4.18236 51.2318 -2.99
    endloop
  endfacet
  facet normal 0.195381 0.980727 -0
    outer loop
      vertex 75.8176 51.2318 -2.99
      vertex 75.5611 51.2829 0
      vertex 75.8176 51.2318 0
    endloop
  endfacet
  facet normal 0.195381 0.980727 0
    outer loop
      vertex 75.5611 51.2829 0
      vertex 75.8176 51.2318 -2.99
      vertex 75.5611 51.2829 -2.99
    endloop
  endfacet
  facet normal 0.321039 0.947066 -0
    outer loop
      vertex 76.0654 51.1478 -2.99
      vertex 75.8176 51.2318 0
      vertex 76.0654 51.1478 0
    endloop
  endfacet
  facet normal 0.321039 0.947066 0
    outer loop
      vertex 75.8176 51.2318 0
      vertex 76.0654 51.1478 -2.99
      vertex 75.8176 51.2318 -2.99
    endloop
  endfacet
  facet normal 0.980727 0.195381 0
    outer loop
      vertex 77.2829 49.5611 0
      vertex 77.2318 49.8176 -2.99
      vertex 77.2318 49.8176 0
    endloop
  endfacet
  facet normal 0.980727 0.195381 0
    outer loop
      vertex 77.2318 49.8176 -2.99
      vertex 77.2829 49.5611 0
      vertex 77.2829 49.5611 -2.99
    endloop
  endfacet
  facet normal 0.997862 0.0653521 0
    outer loop
      vertex 77.3 49.3 0
      vertex 77.2829 49.5611 -2.99
      vertex 77.2829 49.5611 0
    endloop
  endfacet
  facet normal 0.997862 0.0653521 0
    outer loop
      vertex 77.2829 49.5611 -2.99
      vertex 77.3 49.3 0
      vertex 77.3 49.3 -2.99
    endloop
  endfacet
  facet normal 0.89686 0.442314 0
    outer loop
      vertex 77.1478 50.0654 0
      vertex 77.0321 50.3 -2.99
      vertex 77.0321 50.3 0
    endloop
  endfacet
  facet normal 0.89686 0.442314 0
    outer loop
      vertex 77.0321 50.3 -2.99
      vertex 77.1478 50.0654 0
      vertex 77.1478 50.0654 -2.99
    endloop
  endfacet
  facet normal 0.947038 -0.321121 0
    outer loop
      vertex 77.1478 3.93463 0
      vertex 77.2318 4.18236 -2.99
      vertex 77.2318 4.18236 0
    endloop
  endfacet
  facet normal 0.947038 -0.321121 0
    outer loop
      vertex 77.2318 4.18236 -2.99
      vertex 77.1478 3.93463 0
      vertex 77.1478 3.93463 -2.99
    endloop
  endfacet
  facet normal -0.83145 0.5556 0
    outer loop
      vertex 2.96795 50.3 -2.99
      vertex 3.11329 50.5175 0
      vertex 3.11329 50.5175 -2.99
    endloop
  endfacet
  facet normal -0.83145 0.5556 0
    outer loop
      vertex 3.11329 50.5175 0
      vertex 2.96795 50.3 -2.99
      vertex 2.96795 50.3 0
    endloop
  endfacet
  facet normal -0.946961 0.321348 0
    outer loop
      vertex 2.76815 49.8176 -2.99
      vertex 2.85224 50.0654 0
      vertex 2.85224 50.0654 -2.99
    endloop
  endfacet
  facet normal -0.946961 0.321348 0
    outer loop
      vertex 2.85224 50.0654 0
      vertex 2.76815 49.8176 -2.99
      vertex 2.76815 49.8176 0
    endloop
  endfacet
  facet normal 0.831368 -0.555723 0
    outer loop
      vertex 76.8867 3.48248 0
      vertex 77.0321 3.7 -2.99
      vertex 77.0321 3.7 0
    endloop
  endfacet
  facet normal 0.831368 -0.555723 0
    outer loop
      vertex 77.0321 3.7 -2.99
      vertex 76.8867 3.48248 0
      vertex 76.8867 3.48248 -2.99
    endloop
  endfacet
  facet normal 0.896883 -0.442268 0
    outer loop
      vertex 77.0321 3.7 0
      vertex 77.1478 3.93463 -2.99
      vertex 77.1478 3.93463 0
    endloop
  endfacet
  facet normal 0.896883 -0.442268 0
    outer loop
      vertex 77.1478 3.93463 -2.99
      vertex 77.0321 3.7 0
      vertex 77.0321 3.7 -2.99
    endloop
  endfacet
  facet normal 0.980741 -0.195315 0
    outer loop
      vertex 77.2318 4.18236 0
      vertex 77.2829 4.43895 -2.99
      vertex 77.2829 4.43895 0
    endloop
  endfacet
  facet normal 0.980741 -0.195315 0
    outer loop
      vertex 77.2829 4.43895 -2.99
      vertex 77.2318 4.18236 0
      vertex 77.2318 4.18236 -2.99
    endloop
  endfacet
  facet normal 0.321348 -0.946961 0
    outer loop
      vertex 75.8176 2.76815 -2.99
      vertex 76.0654 2.85224 0
      vertex 75.8176 2.76815 0
    endloop
  endfacet
  facet normal 0.321348 -0.946961 0
    outer loop
      vertex 76.0654 2.85224 0
      vertex 75.8176 2.76815 -2.99
      vertex 76.0654 2.85224 -2.99
    endloop
  endfacet
  facet normal 0.19516 -0.980771 0
    outer loop
      vertex 75.5611 2.71711 -2.99
      vertex 75.8176 2.76815 0
      vertex 75.5611 2.71711 0
    endloop
  endfacet
  facet normal 0.19516 -0.980771 0
    outer loop
      vertex 75.8176 2.76815 0
      vertex 75.5611 2.71711 -2.99
      vertex 75.8176 2.76815 -2.99
    endloop
  endfacet
  facet normal -0.751842 0.659343 0
    outer loop
      vertex 3.11329 50.5175 -2.99
      vertex 3.28579 50.7142 0
      vertex 3.28579 50.7142 -2.99
    endloop
  endfacet
  facet normal -0.751842 0.659343 0
    outer loop
      vertex 3.28579 50.7142 0
      vertex 3.11329 50.5175 -2.99
      vertex 3.11329 50.5175 0
    endloop
  endfacet
  facet normal -0.980771 0.19516 0
    outer loop
      vertex 2.71711 49.5611 -2.99
      vertex 2.76815 49.8176 0
      vertex 2.76815 49.8176 -2.99
    endloop
  endfacet
  facet normal -0.980771 0.19516 0
    outer loop
      vertex 2.76815 49.8176 0
      vertex 2.71711 49.5611 -2.99
      vertex 2.71711 49.5611 0
    endloop
  endfacet
  facet normal 0.751826 -0.659362 0
    outer loop
      vertex 76.7142 3.28579 0
      vertex 76.8867 3.48248 -2.99
      vertex 76.8867 3.48248 0
    endloop
  endfacet
  facet normal 0.751826 -0.659362 0
    outer loop
      vertex 76.8867 3.48248 -2.99
      vertex 76.7142 3.28579 0
      vertex 76.7142 3.28579 -2.99
    endloop
  endfacet
  facet normal 0.659343 -0.751842 0
    outer loop
      vertex 76.5175 3.11329 -2.99
      vertex 76.7142 3.28579 0
      vertex 76.5175 3.11329 0
    endloop
  endfacet
  facet normal 0.659343 -0.751842 0
    outer loop
      vertex 76.7142 3.28579 0
      vertex 76.5175 3.11329 -2.99
      vertex 76.7142 3.28579 -2.99
    endloop
  endfacet
  facet normal 0.442344 -0.896845 0
    outer loop
      vertex 76.0654 2.85224 -2.99
      vertex 76.3 2.96795 0
      vertex 76.0654 2.85224 0
    endloop
  endfacet
  facet normal 0.442344 -0.896845 0
    outer loop
      vertex 76.3 2.96795 0
      vertex 76.0654 2.85224 -2.99
      vertex 76.3 2.96795 -2.99
    endloop
  endfacet
  facet normal 0 1 -0
    outer loop
      vertex 74.1 3.9 -2.99
      vertex 5.9 3.9 0
      vertex 74.1 3.9 0
    endloop
  endfacet
  facet normal 0 1 0
    outer loop
      vertex 5.9 3.9 0
      vertex 74.1 3.9 -2.99
      vertex 5.9 3.9 -2.99
    endloop
  endfacet
  facet normal 0.321429 0.946934 -0
    outer loop
      vertex 5.38236 3.96815 -2.99
      vertex 5.13463 4.05224 0
      vertex 5.38236 3.96815 0
    endloop
  endfacet
  facet normal 0.321429 0.946934 0
    outer loop
      vertex 5.13463 4.05224 0
      vertex 5.38236 3.96815 -2.99
      vertex 5.13463 4.05224 -2.99
    endloop
  endfacet
  facet normal 1 -0 0
    outer loop
      vertex 3.9 5.9 0
      vertex 3.9 48.1 -2.99
      vertex 3.9 48.1 0
    endloop
  endfacet
  facet normal 1 0 0
    outer loop
      vertex 3.9 48.1 -2.99
      vertex 3.9 5.9 0
      vertex 3.9 5.9 -2.99
    endloop
  endfacet
  facet normal 0.195094 0.980784 -0
    outer loop
      vertex 5.63895 3.91711 -2.99
      vertex 5.38236 3.96815 0
      vertex 5.63895 3.91711 0
    endloop
  endfacet
  facet normal 0.195094 0.980784 0
    outer loop
      vertex 5.38236 3.96815 0
      vertex 5.63895 3.91711 -2.99
      vertex 5.38236 3.96815 -2.99
    endloop
  endfacet
  facet normal 0.659362 0.751826 -0
    outer loop
      vertex 4.68248 4.31329 -2.99
      vertex 4.48579 4.48579 0
      vertex 4.68248 4.31329 0
    endloop
  endfacet
  facet normal 0.659362 0.751826 0
    outer loop
      vertex 4.48579 4.48579 0
      vertex 4.68248 4.31329 -2.99
      vertex 4.48579 4.48579 -2.99
    endloop
  endfacet
  facet normal 0.751826 0.659362 0
    outer loop
      vertex 4.48579 4.48579 0
      vertex 4.31329 4.68248 -2.99
      vertex 4.31329 4.68248 0
    endloop
  endfacet
  facet normal 0.751826 0.659362 0
    outer loop
      vertex 4.31329 4.68248 -2.99
      vertex 4.48579 4.48579 0
      vertex 4.48579 4.48579 -2.99
    endloop
  endfacet
  facet normal 0.99786 -0.0653902 0
    outer loop
      vertex 3.9 48.1 0
      vertex 3.91711 48.3611 -2.99
      vertex 3.91711 48.3611 0
    endloop
  endfacet
  facet normal 0.99786 -0.0653902 0
    outer loop
      vertex 3.91711 48.3611 -2.99
      vertex 3.9 48.1 0
      vertex 3.9 48.1 -2.99
    endloop
  endfacet
  facet normal 0.442268 -0.896883 0
    outer loop
      vertex 4.9 49.8321 -2.99
      vertex 5.13463 49.9478 0
      vertex 4.9 49.8321 0
    endloop
  endfacet
  facet normal 0.442268 -0.896883 0
    outer loop
      vertex 5.13463 49.9478 0
      vertex 4.9 49.8321 -2.99
      vertex 5.13463 49.9478 -2.99
    endloop
  endfacet
  facet normal -1 0 0
    outer loop
      vertex 76.1 5.9 -2.99
      vertex 76.1 48.1 0
      vertex 76.1 48.1 -2.99
    endloop
  endfacet
  facet normal -1 -0 0
    outer loop
      vertex 76.1 48.1 0
      vertex 76.1 5.9 -2.99
      vertex 76.1 5.9 0
    endloop
  endfacet
  facet normal 0.0654027 0.997859 -0
    outer loop
      vertex 5.9 3.9 -2.99
      vertex 5.63895 3.91711 0
      vertex 5.9 3.9 0
    endloop
  endfacet
  facet normal 0.0654027 0.997859 0
    outer loop
      vertex 5.63895 3.91711 0
      vertex 5.9 3.9 -2.99
      vertex 5.63895 3.91711 -2.99
    endloop
  endfacet
  facet normal 0.555564 0.831474 -0
    outer loop
      vertex 4.9 4.16795 -2.99
      vertex 4.68248 4.31329 0
      vertex 4.9 4.16795 0
    endloop
  endfacet
  facet normal 0.555564 0.831474 0
    outer loop
      vertex 4.68248 4.31329 0
      vertex 4.9 4.16795 -2.99
      vertex 4.68248 4.31329 -2.99
    endloop
  endfacet
  facet normal 0.946934 0.321429 0
    outer loop
      vertex 4.05224 5.13463 0
      vertex 3.96815 5.38236 -2.99
      vertex 3.96815 5.38236 0
    endloop
  endfacet
  facet normal 0.946934 0.321429 0
    outer loop
      vertex 3.96815 5.38236 -2.99
      vertex 4.05224 5.13463 0
      vertex 4.05224 5.13463 -2.99
    endloop
  endfacet
  facet normal 0.997859 0.0654027 0
    outer loop
      vertex 3.91711 5.63895 0
      vertex 3.9 5.9 -2.99
      vertex 3.9 5.9 0
    endloop
  endfacet
  facet normal 0.997859 0.0654027 0
    outer loop
      vertex 3.9 5.9 -2.99
      vertex 3.91711 5.63895 0
      vertex 3.91711 5.63895 -2.99
    endloop
  endfacet
  facet normal 0.896868 0.442299 0
    outer loop
      vertex 4.16795 4.9 0
      vertex 4.05224 5.13463 -2.99
      vertex 4.05224 5.13463 0
    endloop
  endfacet
  facet normal 0.896868 0.442299 0
    outer loop
      vertex 4.05224 5.13463 -2.99
      vertex 4.16795 4.9 0
      vertex 4.16795 4.9 -2.99
    endloop
  endfacet
  facet normal 0.980771 -0.19516 0
    outer loop
      vertex 3.91711 48.3611 0
      vertex 3.96815 48.6176 -2.99
      vertex 3.96815 48.6176 0
    endloop
  endfacet
  facet normal 0.980771 -0.19516 0
    outer loop
      vertex 3.96815 48.6176 -2.99
      vertex 3.91711 48.3611 0
      vertex 3.91711 48.3611 -2.99
    endloop
  endfacet
  facet normal 0 -1 0
    outer loop
      vertex 5.9 50.1 -2.99
      vertex 74.1 50.1 0
      vertex 5.9 50.1 0
    endloop
  endfacet
  facet normal 0 -1 -0
    outer loop
      vertex 74.1 50.1 0
      vertex 5.9 50.1 -2.99
      vertex 74.1 50.1 -2.99
    endloop
  endfacet
  facet normal -0.997861 0.0653646 0
    outer loop
      vertex 76.0829 5.63895 -2.99
      vertex 76.1 5.9 0
      vertex 76.1 5.9 -2.99
    endloop
  endfacet
  facet normal -0.997861 0.0653646 0
    outer loop
      vertex 76.1 5.9 0
      vertex 76.0829 5.63895 -2.99
      vertex 76.0829 5.63895 0
    endloop
  endfacet
  facet normal -0.321348 0.946961 0
    outer loop
      vertex 74.8654 4.05224 -2.99
      vertex 74.6176 3.96815 0
      vertex 74.8654 4.05224 0
    endloop
  endfacet
  facet normal -0.321348 0.946961 0
    outer loop
      vertex 74.6176 3.96815 0
      vertex 74.8654 4.05224 -2.99
      vertex 74.6176 3.96815 -2.99
    endloop
  endfacet
  facet normal 0.442299 0.896868 -0
    outer loop
      vertex 5.13463 4.05224 -2.99
      vertex 4.9 4.16795 0
      vertex 5.13463 4.05224 0
    endloop
  endfacet
  facet normal 0.442299 0.896868 0
    outer loop
      vertex 4.9 4.16795 0
      vertex 5.13463 4.05224 -2.99
      vertex 4.9 4.16795 -2.99
    endloop
  endfacet
  facet normal 0.980784 0.195094 0
    outer loop
      vertex 3.96815 5.38236 0
      vertex 3.91711 5.63895 -2.99
      vertex 3.91711 5.63895 0
    endloop
  endfacet
  facet normal 0.980784 0.195094 0
    outer loop
      vertex 3.91711 5.63895 -2.99
      vertex 3.96815 5.38236 0
      vertex 3.96815 5.38236 -2.99
    endloop
  endfacet
  facet normal 0.831474 0.555564 0
    outer loop
      vertex 4.31329 4.68248 0
      vertex 4.16795 4.9 -2.99
      vertex 4.16795 4.9 0
    endloop
  endfacet
  facet normal 0.831474 0.555564 0
    outer loop
      vertex 4.16795 4.9 -2.99
      vertex 4.31329 4.68248 0
      vertex 4.31329 4.68248 -2.99
    endloop
  endfacet
  facet normal 0.0653646 -0.997861 0
    outer loop
      vertex 5.63895 50.0829 -2.99
      vertex 5.9 50.1 0
      vertex 5.63895 50.0829 0
    endloop
  endfacet
  facet normal 0.0653646 -0.997861 0
    outer loop
      vertex 5.9 50.1 0
      vertex 5.63895 50.0829 -2.99
      vertex 5.9 50.1 -2.99
    endloop
  endfacet
  facet normal -0.442314 -0.89686 0
    outer loop
      vertex 74.8654 49.9478 -2.99
      vertex 75.1 49.8321 0
      vertex 74.8654 49.9478 0
    endloop
  endfacet
  facet normal -0.442314 -0.89686 -0
    outer loop
      vertex 75.1 49.8321 0
      vertex 74.8654 49.9478 -2.99
      vertex 75.1 49.8321 -2.99
    endloop
  endfacet
  facet normal 0.946961 -0.321348 0
    outer loop
      vertex 3.96815 48.6176 0
      vertex 4.05224 48.8654 -2.99
      vertex 4.05224 48.8654 0
    endloop
  endfacet
  facet normal 0.946961 -0.321348 0
    outer loop
      vertex 4.05224 48.8654 -2.99
      vertex 3.96815 48.6176 0
      vertex 3.96815 48.6176 -2.99
    endloop
  endfacet
  facet normal 0.555723 -0.831368 0
    outer loop
      vertex 4.68248 49.6867 -2.99
      vertex 4.9 49.8321 0
      vertex 4.68248 49.6867 0
    endloop
  endfacet
  facet normal 0.555723 -0.831368 0
    outer loop
      vertex 4.9 49.8321 0
      vertex 4.68248 49.6867 -2.99
      vertex 4.9 49.8321 -2.99
    endloop
  endfacet
  facet normal 0.751842 -0.659343 0
    outer loop
      vertex 4.31329 49.3175 0
      vertex 4.48579 49.5142 -2.99
      vertex 4.48579 49.5142 0
    endloop
  endfacet
  facet normal 0.751842 -0.659343 0
    outer loop
      vertex 4.48579 49.5142 -2.99
      vertex 4.31329 49.3175 0
      vertex 4.31329 49.3175 -2.99
    endloop
  endfacet
  facet normal 0.321463 -0.946922 0
    outer loop
      vertex 5.13463 49.9478 -2.99
      vertex 5.38236 50.0319 0
      vertex 5.13463 49.9478 0
    endloop
  endfacet
  facet normal 0.321463 -0.946922 0
    outer loop
      vertex 5.38236 50.0319 0
      vertex 5.13463 49.9478 -2.99
      vertex 5.38236 50.0319 -2.99
    endloop
  endfacet
  facet normal 0.194947 -0.980814 0
    outer loop
      vertex 5.38236 50.0319 -2.99
      vertex 5.63895 50.0829 0
      vertex 5.38236 50.0319 0
    endloop
  endfacet
  facet normal 0.194947 -0.980814 0
    outer loop
      vertex 5.63895 50.0829 0
      vertex 5.38236 50.0319 -2.99
      vertex 5.63895 50.0829 -2.99
    endloop
  endfacet
  facet normal -0.0653521 -0.997862 0
    outer loop
      vertex 74.1 50.1 -2.99
      vertex 74.3611 50.0829 0
      vertex 74.1 50.1 0
    endloop
  endfacet
  facet normal -0.0653521 -0.997862 -0
    outer loop
      vertex 74.3611 50.0829 0
      vertex 74.1 50.1 -2.99
      vertex 74.3611 50.0829 -2.99
    endloop
  endfacet
  facet normal -0.94695 -0.321382 0
    outer loop
      vertex 76.0319 48.6176 -2.99
      vertex 75.9478 48.8654 0
      vertex 75.9478 48.8654 -2.99
    endloop
  endfacet
  facet normal -0.94695 -0.321382 0
    outer loop
      vertex 75.9478 48.8654 0
      vertex 76.0319 48.6176 -2.99
      vertex 76.0319 48.6176 0
    endloop
  endfacet
  facet normal -0.442344 0.896845 0
    outer loop
      vertex 75.1 4.16795 -2.99
      vertex 74.8654 4.05224 0
      vertex 75.1 4.16795 0
    endloop
  endfacet
  facet normal -0.442344 0.896845 0
    outer loop
      vertex 74.8654 4.05224 0
      vertex 75.1 4.16795 -2.99
      vertex 74.8654 4.05224 -2.99
    endloop
  endfacet
  facet normal 0.83145 -0.5556 0
    outer loop
      vertex 4.16795 49.1 0
      vertex 4.31329 49.3175 -2.99
      vertex 4.31329 49.3175 0
    endloop
  endfacet
  facet normal 0.83145 -0.5556 0
    outer loop
      vertex 4.31329 49.3175 -2.99
      vertex 4.16795 49.1 0
      vertex 4.16795 49.1 -2.99
    endloop
  endfacet
  facet normal 0.659362 -0.751826 0
    outer loop
      vertex 4.48579 49.5142 -2.99
      vertex 4.68248 49.6867 0
      vertex 4.48579 49.5142 0
    endloop
  endfacet
  facet normal 0.659362 -0.751826 0
    outer loop
      vertex 4.68248 49.6867 0
      vertex 4.48579 49.5142 -2.99
      vertex 4.68248 49.6867 -2.99
    endloop
  endfacet
  facet normal -0.555758 -0.831344 0
    outer loop
      vertex 75.1 49.8321 -2.99
      vertex 75.3175 49.6867 0
      vertex 75.1 49.8321 0
    endloop
  endfacet
  facet normal -0.555758 -0.831344 -0
    outer loop
      vertex 75.3175 49.6867 0
      vertex 75.1 49.8321 -2.99
      vertex 75.3175 49.6867 -2.99
    endloop
  endfacet
  facet normal -0.321382 -0.94695 0
    outer loop
      vertex 74.6176 50.0319 -2.99
      vertex 74.8654 49.9478 0
      vertex 74.6176 50.0319 0
    endloop
  endfacet
  facet normal -0.321382 -0.94695 -0
    outer loop
      vertex 74.8654 49.9478 0
      vertex 74.6176 50.0319 -2.99
      vertex 74.8654 49.9478 -2.99
    endloop
  endfacet
  facet normal -0.980801 -0.195013 0
    outer loop
      vertex 76.0829 48.3611 -2.99
      vertex 76.0319 48.6176 0
      vertex 76.0319 48.6176 -2.99
    endloop
  endfacet
  facet normal -0.980801 -0.195013 0
    outer loop
      vertex 76.0319 48.6176 0
      vertex 76.0829 48.3611 -2.99
      vertex 76.0829 48.3611 0
    endloop
  endfacet
  facet normal -0.997862 -0.0653521 0
    outer loop
      vertex 76.1 48.1 -2.99
      vertex 76.0829 48.3611 0
      vertex 76.0829 48.3611 -2.99
    endloop
  endfacet
  facet normal -0.997862 -0.0653521 0
    outer loop
      vertex 76.0829 48.3611 0
      vertex 76.1 48.1 -2.99
      vertex 76.1 48.1 0
    endloop
  endfacet
  facet normal -0.896709 -0.442621 0
    outer loop
      vertex 75.9478 48.8654 -2.99
      vertex 75.832 49.1 0
      vertex 75.832 49.1 -2.99
    endloop
  endfacet
  facet normal -0.896709 -0.442621 0
    outer loop
      vertex 75.832 49.1 0
      vertex 75.9478 48.8654 -2.99
      vertex 75.9478 48.8654 0
    endloop
  endfacet
  facet normal -0.896731 0.442575 0
    outer loop
      vertex 75.832 4.9 -2.99
      vertex 75.9478 5.13463 0
      vertex 75.9478 5.13463 -2.99
    endloop
  endfacet
  facet normal -0.896731 0.442575 0
    outer loop
      vertex 75.9478 5.13463 0
      vertex 75.832 4.9 -2.99
      vertex 75.832 4.9 0
    endloop
  endfacet
  facet normal -0.751826 0.659362 0
    outer loop
      vertex 75.5142 4.48579 -2.99
      vertex 75.6867 4.68248 0
      vertex 75.6867 4.68248 -2.99
    endloop
  endfacet
  facet normal -0.751826 0.659362 0
    outer loop
      vertex 75.6867 4.68248 0
      vertex 75.5142 4.48579 -2.99
      vertex 75.5142 4.48579 0
    endloop
  endfacet
  facet normal -0.946922 0.321463 0
    outer loop
      vertex 75.9478 5.13463 -2.99
      vertex 76.0319 5.38236 0
      vertex 76.0319 5.38236 -2.99
    endloop
  endfacet
  facet normal -0.946922 0.321463 0
    outer loop
      vertex 76.0319 5.38236 0
      vertex 75.9478 5.13463 -2.99
      vertex 75.9478 5.13463 0
    endloop
  endfacet
  facet normal -0.980814 0.194947 0
    outer loop
      vertex 76.0319 5.38236 -2.99
      vertex 76.0829 5.63895 0
      vertex 76.0829 5.63895 -2.99
    endloop
  endfacet
  facet normal -0.980814 0.194947 0
    outer loop
      vertex 76.0829 5.63895 0
      vertex 76.0319 5.38236 -2.99
      vertex 76.0319 5.38236 0
    endloop
  endfacet
  facet normal -0.5556 0.83145 0
    outer loop
      vertex 75.3175 4.31329 -2.99
      vertex 75.1 4.16795 0
      vertex 75.3175 4.31329 0
    endloop
  endfacet
  facet normal -0.5556 0.83145 0
    outer loop
      vertex 75.1 4.16795 0
      vertex 75.3175 4.31329 -2.99
      vertex 75.1 4.16795 -2.99
    endloop
  endfacet
  facet normal -0.19516 0.980771 0
    outer loop
      vertex 74.6176 3.96815 -2.99
      vertex 74.3611 3.91711 0
      vertex 74.6176 3.96815 0
    endloop
  endfacet
  facet normal -0.19516 0.980771 0
    outer loop
      vertex 74.3611 3.91711 0
      vertex 74.6176 3.96815 -2.99
      vertex 74.3611 3.91711 -2.99
    endloop
  endfacet
  facet normal -0.0653902 0.99786 0
    outer loop
      vertex 74.3611 3.91711 -2.99
      vertex 74.1 3.9 0
      vertex 74.3611 3.91711 0
    endloop
  endfacet
  facet normal -0.0653902 0.99786 0
    outer loop
      vertex 74.1 3.9 0
      vertex 74.3611 3.91711 -2.99
      vertex 74.1 3.9 -2.99
    endloop
  endfacet
  facet normal 0.896845 -0.442344 0
    outer loop
      vertex 4.05224 48.8654 0
      vertex 4.16795 49.1 -2.99
      vertex 4.16795 49.1 0
    endloop
  endfacet
  facet normal 0.896845 -0.442344 0
    outer loop
      vertex 4.16795 49.1 -2.99
      vertex 4.05224 48.8654 0
      vertex 4.05224 48.8654 -2.99
    endloop
  endfacet
  facet normal -0.751842 -0.659343 0
    outer loop
      vertex 75.6867 49.3175 -2.99
      vertex 75.5142 49.5142 0
      vertex 75.5142 49.5142 -2.99
    endloop
  endfacet
  facet normal -0.751842 -0.659343 0
    outer loop
      vertex 75.5142 49.5142 0
      vertex 75.6867 49.3175 -2.99
      vertex 75.6867 49.3175 0
    endloop
  endfacet
  facet normal -0.831521 -0.555494 0
    outer loop
      vertex 75.832 49.1 -2.99
      vertex 75.6867 49.3175 0
      vertex 75.6867 49.3175 -2.99
    endloop
  endfacet
  facet normal -0.831521 -0.555494 0
    outer loop
      vertex 75.6867 49.3175 0
      vertex 75.832 49.1 -2.99
      vertex 75.832 49.1 0
    endloop
  endfacet
  facet normal -0.195013 -0.980801 0
    outer loop
      vertex 74.3611 50.0829 -2.99
      vertex 74.6176 50.0319 0
      vertex 74.3611 50.0829 0
    endloop
  endfacet
  facet normal -0.195013 -0.980801 -0
    outer loop
      vertex 74.6176 50.0319 0
      vertex 74.3611 50.0829 -2.99
      vertex 74.6176 50.0319 -2.99
    endloop
  endfacet
  facet normal -0.659343 -0.751842 0
    outer loop
      vertex 75.3175 49.6867 -2.99
      vertex 75.5142 49.5142 0
      vertex 75.3175 49.6867 0
    endloop
  endfacet
  facet normal -0.659343 -0.751842 -0
    outer loop
      vertex 75.5142 49.5142 0
      vertex 75.3175 49.6867 -2.99
      vertex 75.5142 49.5142 -2.99
    endloop
  endfacet
  facet normal -0.659343 0.751842 0
    outer loop
      vertex 75.5142 4.48579 -2.99
      vertex 75.3175 4.31329 0
      vertex 75.5142 4.48579 0
    endloop
  endfacet
  facet normal -0.659343 0.751842 0
    outer loop
      vertex 75.3175 4.31329 0
      vertex 75.5142 4.48579 -2.99
      vertex 75.3175 4.31329 -2.99
    endloop
  endfacet
  facet normal -0.831544 0.555459 0
    outer loop
      vertex 75.6867 4.68248 -2.99
      vertex 75.832 4.9 0
      vertex 75.832 4.9 -2.99
    endloop
  endfacet
  facet normal -0.831544 0.555459 0
    outer loop
      vertex 75.832 4.9 0
      vertex 75.6867 4.68248 -2.99
      vertex 75.6867 4.68248 0
    endloop
  endfacet
endsolid OpenSCAD_Model
